Date,HU ppt,NEF ppt,CSU ppt,UI ppt,KNU ppt,ZJU ppt,HU temp,NEF temp,CSU temp,UI temp,KNU temp,ZJU temp
2012-01-01,1.5,0,0.00,0,0.2 ,,-0.1,5,-4.3175,2.982333333,-4.8 ,
2012-01-02,2.5,0,0.00,0,,,-0.7,-2.5,-1.055,-4.878,-7.6 ,
2012-01-03,5.5,0,0.00,0,0.1 ,,-3.5,-5.8,4.7245,-5.997666667,-6.3 ,
2012-01-04,3.5,0,0.00,0,,,-3.4,-2.5,2.15,1.450333333,-7.9 ,
2012-01-05,11.5,0,0.00,0,,,-0.6,1,6.7275,2.481666667,-9.1 ,
2012-01-06,11,0,0.00,0,,,-0.3,4,2.46,5.831,-6.1 ,
2012-01-07,0,0,0.00,0,,,-1.8,5,-1.407,3.302,-6.8 ,
2012-01-08,0,0,0.00,0,,,-5.5,-0.5,-3.643,1.197333333,-6.3 ,
2012-01-09,2.5,0,0.00,0,,,-2.8,1.3,1.125,2.081666667,-3.3 ,
2012-01-10,8,0,0.00,0,,,-4.7,2,3.451,3.817,-4.9 ,
2012-01-11,2,0,0.00,2.794,,,-7.6,3,-3.5355,5.111333333,-7.7 ,
2012-01-12,3.5,1,0.00,1.016,0.1 ,,-6.9,4.8,-3.6325,-5.804,-7.6 ,
2012-01-13,0,2,0.00,0,0.0 ,,-6.2,5.8,2.163,-8.963333333,-2.4 ,
2012-01-14,0.5,0,0.00,0,,,-8,-5.5,2.64,-9.816666667,-4.9 ,
2012-01-15,0,0,0.00,0,,,-6.1,-7.8,3.399,-3.986666667,-5.0 ,
2012-01-16,1,0,0.00,0,,,-5.5,0,-2.1455,6.229,-2.4 ,
2012-01-17,0,0,0.00,27.432,0.0 ,,-5,6,-9.0055,0.560333333,-0.2 ,
2012-01-18,0,0,0.00,0,,,-3.6,-3.5,0.31,-6.067,-2.3 ,
2012-01-19,0,2.5,0.00,0,0.0 ,,-4.2,-3.5,9.9815,-6.586333333,2.6 ,
2012-01-20,0,2,0.00,1.905,0.0 ,,-5.8,-10.5,2.9965,-9.15,3.8 ,
2012-01-21,0,0,0.00,0,0.0 ,,-4.7,-6.3,2.951,-6.338333333,1.3 ,
2012-01-22,0.5,0,0.00,15.748,,,0.9,-1.5,0.483,0.93,-4.2 ,
2012-01-23,6,,0.00,3.175,,,-2.4,,-1.55,3.185333333,-9.7 ,
2012-01-24,1.5,,0.00,0,0.0 ,,-5.7,,-3.3375,-0.490333333,-9.4 ,
2012-01-25,0,0,0.00,4.064,0.3 ,,-7,-0.8,3.3,-0.975333333,-8.7 ,
2012-01-26,0,4,0.00,20.701,0.7 ,,-7.6,0.3,2.0665,0.867666667,-7.2 ,
2012-01-27,1.5,1,0.00,0,0.4 ,,-7.9,1.8,-1.0085,1.888333333,-6.3 ,
2012-01-28,3,0,0.00,0.762,,,-6.6,1,-3.9275,0.206,-5.8 ,
2012-01-29,4.5,0,0.00,0,,,-4.4,1,5.5295,-0.386666667,-5.3 ,
2012-01-30,0,0,0.00,0,,,-5.6,-1.5,4.2815,4.753333333,-7.6 ,
2012-01-31,1.5,0,0.00,1.016,5.1 ,,-5.4,3,1.405,9.93,-7.9 ,
2012-02-01,0,0,0.00,0,,,-7.6,5.3,0.5635,5.811666667,-12.7 ,
2012-02-02,3.5,0,0.00,0,,,-7.8,2.3,1.4025,3.570333333,-15.2 ,
2012-02-03,2,0,0.00,0.254,0.1 ,,-6.6,1,-1.871,5.291,-11.9 ,
2012-02-04,3.5,0,0.25,7.493,1.5 ,,-6.3,2.5,-2.8215,3.899,-5.6 ,
2012-02-05,0,0,0.00,0,,,-3,-0.5,-4.63,2.348,-4.3 ,
2012-02-06,0,0,0.00,0,0.0 ,,0.7,1.5,-3.165,-1.546,-2.7 ,
2012-02-07,3,0,0.00,0,0.0 ,,0.3,0.3,-5.2995,-0.401,-6.3 ,
2012-02-08,0,0,0.00,0.508,,,-4.7,-1.8,-5.5515,-1.439666667,-9.4 ,
2012-02-09,0,0,0.00,0,,,-5.6,-1.3,-0.9045,-0.918333333,-5.6 ,
2012-02-10,0.5,3,0.00,0.508,,,-7.4,-1.5,-2.8675,-1.334666667,-5.6 ,
2012-02-11,2,,1.27,0,,,-7.2,,-12.37,-7.806,-5.7 ,
2012-02-12,2,0,0.00,0,,,-7.6,-5.8,-10.14,-4.743333333,-2.5 ,
2012-02-13,0.5,1,0.00,1.27,,,-2.7,-1.5,-1.0955,-2.719666667,0.9 ,
2012-02-14,0,0,0.00,0.254,,,0.4,-0.8,0.9315,-0.009666667,0.7 ,
2012-02-15,3,0,0.00,0.254,,,-3.9,1.3,-2.3125,2.335333333,-1.4 ,
2012-02-16,2,0,0.00,5.207,,,-5.4,3,-0.6695,3.505333333,-3.5 ,
2012-02-17,0,,0.00,0,,,-6.8,,-1.5325,2.546333333,-6.9 ,
2012-02-18,3.5,0,0.00,0,,,-8.3,1.5,-2.4975,1.182333333,-7.8 ,
2012-02-19,2,0,0.00,0,,,-6.5,-3,0.562,-1.234333333,-6.4 ,
2012-02-20,0.5,0,0.00,0,,,-2.9,-2,1.048,0.427333333,-3.1 ,
2012-02-21,1.5,0,0.00,2.413,,,-4.4,0.8,2.908,4.766333333,-2.0 ,
2012-02-22,0,0,0.00,0,,,-2.2,2,10.9245,5.134333333,0.6 ,
2012-02-23,11,3,0.00,0.635,0.1 ,,-0.3,2,-0.025,4.446666667,3.7 ,
2012-02-24,10.5,0,0.00,0,0.0 ,,-2.8,0.8,-1.869,1.695666667,2.5 ,
2012-02-25,2.5,0,0.00,0,0.0 ,,-7,-1,2.915,-2.913333333,2.4 ,
2012-02-26,3,0,0.00,0,,,-4.3,0.3,-3.4215,2.753666667,-1.4 ,
2012-02-27,0.5,0,0.00,0,,,-4.6,3.8,-2.275,3.264333333,-2.3 ,
2012-02-28,0,,0.00,2.032,,,-4,,0.0245,4.677666667,-1.7 ,
2012-02-29,0,,0.00,0,,,0.8,,5.019,12.52333333,1.9 ,
2012-03-01,0,0,0.00,0,,,2.5,3.3,-0.1655,4.894,6.7 ,
2012-03-02,0,18.5,0.00,12.7,0.5 ,,-0.6,5,-5.326,5.647333333,4.5 ,
2012-03-03,3.5,0,0.00,0,,,-4,1.5,2.0705,0.241333333,3.7 ,
2012-03-04,2.5,0,0.00,0,0.0 ,,-4.5,-0.8,7.2985,-0.733333333,4.1 ,
2012-03-05,2,0,0.00,0,3.5 ,,-4.7,-2.8,5.8665,-1.469666667,4.6 ,
2012-03-06,5,0,0.00,0,7.5 ,,1.6,1.8,9.2455,9.426666667,2.3 ,
2012-03-07,0.5,1.5,0.00,0,,,3.7,7.5,-1.7485,14.63333333,3.3 ,
2012-03-08,1,4.2,0.00,1.778,,,0.3,7.5,-0.75,6.333666667,0.7 ,
2012-03-09,0,,0.00,0,,,0,,3.8725,2.133,1.7 ,
2012-03-10,0,,0.00,0,0.0 ,,-0.6,,6.074,4.339333333,3.9 ,
2012-03-11,0,3,0.00,0,,,-1.1,7.5,10.054,10.1,-1.2 ,
2012-03-12,0,8,0.00,0,,,-1.4,9.3,10.798,17.06,-1.6 ,
2012-03-13,0.5,0,0.00,0,,,-2,12.3,10.7365,15.55,0.4 ,
2012-03-14,0,22,0.00,0,0.5 ,,-1.1,10,10.076,18.14,1.2 ,
2012-03-15,0,0,0.00,0,,,0.5,13.5,12.6395,19.85333333,2.3 ,
2012-03-16,0,0,0.00,0,2.0 ,,1.4,13.8,13.105,18.16666667,5.3 ,
2012-03-17,0,0,0.00,3.429,4.0 ,,2.9,14.8,10.8385,18.20333333,11.0 ,
2012-03-18,4.5,0,0.00,0,0.1 ,,-1,14,11.04,18.98666667,6.4 ,
2012-03-19,3,0,0.00,0,,,-4.4,14.5,2.2545,20.92333333,1.7 ,
2012-03-20,2,0,0.00,0,,,-3.9,16,4.5325,21.86,1.9 ,
2012-03-21,0,0,0.00,0,,,-0.8,18.3,6.763,21.93666667,3.9 ,
2012-03-22,1,0,0.00,0,,,1.9,17.3,10.4115,19.71,7.3 ,
2012-03-23,1,5,0.00,14.478,19.0 ,,2.3,15.3,11.596,14.94666667,4.2 ,
2012-03-24,8,0,0.00,1.143,1.5 ,,-0.5,10.8,13.7575,12.96333333,2.5 ,
2012-03-25,2.5,0,0.00,0,,,-1.5,12.3,10.9395,15.33666667,3.4 ,
2012-03-26,0.5,0,0.00,0,,,-1,2.8,15.281,8.91,3.2 ,
2012-03-27,3,0,0.00,0,,,0.1,4.3,12.812,12.99666667,4.6 ,
2012-03-28,0,0,0.00,0,,,1.6,13,11.7515,17.97666667,7.0 ,
2012-03-29,0,0,0.00,0.254,,,5.6,5,14.079,10.22333333,9.4 ,
2012-03-30,0,14,0.00,0,,,9.5,3.3,13.61,15.55333333,12.1 ,
2012-03-31,4,0,0.00,0,0.0 ,,1.8,3.8,15.5675,10.49,5.2 ,
2012-04-01,0.5,0,0.00,10.668,,,0.1,7.5,15.7865,18.25333333,4.8 ,
2012-04-02,0,0,0.00,0,22.5 ,,-0.5,6.3,6.8815,16.74666667,6.1 ,
2012-04-03,13,3,0.76,0,24.0 ,,0.8,7.8,2.528,19.23,4.2 ,
2012-04-04,11.5,0,0.00,0,,,1.3,9.3,8.775,14.18,6.5 ,
2012-04-05,0,0,0.00,0,0.0 ,,1.8,4.3,10.685,10.08333333,5.8 ,
2012-04-06,1,0,0.00,0,0.0 ,,-0.1,6.3,14.956,8.417666667,4.3 ,
2012-04-07,4,0,0.00,0,,,-0.9,5,7.744,11.66333333,5.9 ,
2012-04-08,1,0,0.00,0,,,1.9,13,8.56,12.93,10.8 ,
2012-04-09,1.5,0,0.00,0,,,4.7,9.8,8.944,13.72666667,16.1 ,
2012-04-10,0,0,0.00,0,11.5 ,,7.2,5,13.5195,6.916666667,11.2 ,
2012-04-11,0.5,0,1.78,0,8.5 ,,7.7,6.3,12.96,5.698,13.4 ,
2012-04-12,0,0,0.00,0,,,8.3,5.5,12.5085,9.233333333,9.2 ,
2012-04-13,0,0,0.00,0.254,,,6.4,7.8,9.622,10.79666667,10.4 ,
2012-04-14,0,4.8,0.00,10.32933333,,,6.7,11,10.1755,14.17,12.7 ,
2012-04-15,0,,0.51,12.10733333,,,5,,6.355,19.91666667,13.8 ,
2012-04-16,0,,0.51,4.148666667,,,5.9,,7.9485,12.93,13.0 ,
2012-04-17,0.5,,0.00,0,,,6.6,,9.7045,11.81,12.7 ,
2012-04-18,0,0,0.00,0,,,7.1,8,10.1425,13.85,13.8 ,
2012-04-19,0,0,0.25,0,,,9.2,13.5,11.7325,17.31333333,15.4 ,
2012-04-20,0,2.4,0.00,1.693333333,,,8.5,16.5,10.346,9.616666667,16.0 ,
2012-04-21,0,0,0.00,0,41.5 ,,10.1,6.3,13.977,7.808,10.1 ,
2012-04-22,0,0,0.00,0,12.5 ,,9.1,6,12.141,7.974333333,9.5 ,
2012-04-23,0,0,0.00,0,2.5 ,,10.5,8.3,15.6555,9.73,12.8 ,
2012-04-24,0,0,0.00,0,,,11.4,9.8,19.725,11.61666667,17.0 ,
2012-04-25,0,0,0.00,0,23.5 ,,12.9,9,18.29,16.62333333,13.9 ,
2012-04-26,1,0,1.27,0,2.0 ,,12.1,12.5,19.18,14.57,13.2 ,
2012-04-27,0,0,0.51,0.508,,,12.4,4.8,11.223,9.313333333,13.3 ,
2012-04-28,0,0,0.00,0.635,,,14,5,9.791,9.66,17.6 ,
2012-04-29,0,0,0.00,3.894666667,,,14.5,6.3,9.2025,10.74666667,18.0 ,
2012-04-30,0,17.4,0.00,14.986,,,16.6,9.5,12.8185,16.8,20.9 ,
2012-05-01,0,0,0.00,12.7,,,18,11,15.432,17.18333333,20.8 ,
2012-05-02,0,0,0.00,0,,,17.1,17,15.5,21.96333333,19.9 ,
2012-05-03,8,0.5,0.00,0,7.0 ,,15,21.5,16.159,23.10666667,16.6 ,
2012-05-04,45.5,0,0.00,0,,,13.5,20,19.625,20.85333333,18.8 ,
2012-05-05,7.5,0,0.00,0,,,12.6,16.3,18.95,21.42333333,18.7 ,
2012-05-06,9,14,6.86,0,,,12.7,14.3,10.8345,23.58,16.7 ,
2012-05-07,3,8,4.83,6.434666667,,,11.8,15,6.762,19.05666667,17.1 ,
2012-05-08,0,,0.00,0,,,13.3,,10.149,16.77666667,19.3 ,
2012-05-09,0,6.3,0.00,0,,,11.9,14.3,14.9665,14.03333333,19.4 ,
2012-05-10,0,0,0.00,0,,,10.8,12,17.1765,14.32,15.2 ,
2012-05-11,0,0,1.02,0,,,8.8,13.5,5.501,17.17333333,14.1 ,
2012-05-12,2,0,0.25,0,,,6.7,17.5,6.139,18.11666667,17.1 ,
2012-05-13,0,0,0.00,0,,,9.9,16.5,10.8695,17.61333333,18.6 ,
2012-05-14,0,0,0.00,0,16.0 ,,12,14.5,15.0015,19.44333333,14.9 ,
2012-05-15,2,0,0.00,0,,,11.7,17.3,16.652,20.86333333,18.2 ,
2012-05-16,5,0.8,0.00,0,,,11.6,14,17.5125,17.38,16.3 ,
2012-05-17,0,0,0.00,0,4.0 ,,13.5,10.5,18.14,16.85,13.5 ,
2012-05-18,0,0,0.00,0,,,12,14,18.345,21.015,16.4 ,
2012-05-19,0,0,16.51,0,,,11.5,19.8,10.7495,24.9,17.8 ,
2012-05-20,0,0,0.00,46.736,,,13.3,22,13.6615,23.935,20.8 ,
2012-05-21,0,15.4,0.00,0,,,13.8,22.5,17.3095,15.945,20.1 ,
2012-05-22,0,0,0.00,0,,,16.1,15.3,21.355,16.05,20.6 ,
2012-05-23,0,0,10.67,0,,,15.4,14.8,13.865,19.19,20.6 ,
2012-05-24,0,0,0.00,0,,,16.3,21.8,12.645,23.95,18.8 ,
2012-05-25,0,0,0.00,0,,,16.5,25.3,13.34,25.74,20.4 ,
2012-05-26,0,12.6,0.00,0,,,14.2,19.5,21.11,26.8,18.5 ,
2012-05-27,0,,0.00,0,4.0 ,,10.9,,15.32,27.08,17.6 ,
2012-05-28,0,,0.00,17.526,,,11.7,,15.182,27.19,20.6 ,
2012-05-29,1.5,14.1,0.00,13.462,0.1 ,,13.5,22.5,14.6725,22.94,20.5 ,
2012-05-30,0,0,0.00,0,1.0 ,,13.3,18.8,17.95,18.76666667,18.1 ,
2012-05-31,0,10,0.00,11.684,10.5 ,,14.2,14.5,14.1985,12.38,17.7 ,
2012-06-01,0.5,5.6,0.00,0,,,14,14.3,16.484,12.49333333,18.9 ,
2012-06-02,0,0,0.00,2.116666667,0.0 ,,14.7,16,17.28,14.34,21.0 ,
2012-06-03,0,0,0.00,0,1.5 ,,14.1,20.8,20.13,19.20333333,21.5 ,
2012-06-04,0,2,0.00,1.100666667,,,17.4,16.3,21.865,17.56666667,21.7 ,
2012-06-05,0,0,0.00,0,,,19,15.3,21.3,17.76,23.2 ,
2012-06-06,7,0,0.00,0,,,18,15.5,21.76,17.82333333,23.5 ,
2012-06-07,13.5,0,5.33,0,,,17.4,19.5,20.135,20.05333333,23.1 ,
2012-06-08,0,0,0.00,0,0.3 ,,18.1,20.3,21.24,21.49,22.0 ,
2012-06-09,0,0,0.00,0,0.1 ,,17.4,23,23.08,23.2,23.7 ,
2012-06-10,0,0,0.00,0,16.5 ,,18.4,25,17.755,24.21,23.4 ,
2012-06-11,0,0,0.00,2.286,1.0 ,,17,23.3,17.4,21.96666667,23.0 ,
2012-06-12,0,0,0.00,0,3.5 ,,15,27.5,17.231,20.77333333,20.7 ,
2012-06-13,0,0,0.00,2.286,,,13.3,16.3,20.105,18.45,21.0 ,
2012-06-14,0,0,0.00,3.81,,,13.6,17.5,20.91,20.98666667,21.8 ,
2012-06-15,0,0,0.00,4.064,,,16.1,22.5,22.265,23.15,21.4 ,
2012-06-16,0,2,0.00,20.828,,,16.4,24.8,19.95,25.74333333,23.4 ,
2012-06-17,16,6.8,0.00,4.656666667,,,16.4,22.5,21.795,23.51,24.0 ,
2012-06-18,0,2,0.00,1.27,,,17.4,20.3,24.665,25.48,24.3 ,
2012-06-19,0,0,0.00,2.032,,,17.5,27,23.605,25.30333333,24.0 ,
2012-06-20,11.5,0,0.00,2.286,,,15.1,28.8,18.35,25.09,24.5 ,
2012-06-21,0,3,0.00,6.773333333,,,15.8,26.8,21.47,22.64666667,25.4 ,
2012-06-22,2,1.8,0.00,0,,,14.3,22,22.71,21.54333333,24.0 ,
2012-06-23,1,0,0.00,1.27,,,15.3,20,24.76,21.83333333,26.0 ,
2012-06-24,0,0,8.64,1.27,,,16.8,22,26.705,23.34333333,25.5 ,
2012-06-25,0,0,0.00,1.778,,,18,19,27.095,22.04,23.4 ,
2012-06-26,0,0,0.25,6.096,,,19,19.8,27.385,19.20666667,22.0 ,
2012-06-27,0,0,0.51,3.302,,,20.1,21.8,24.845,22.47666667,22.2 ,
2012-06-28,0,0,1.02,2.54,,,21.7,27,,27.37666667,24.0 ,
2012-06-29,0,0,0.00,2.794,5.5 ,,22.1,25.8,24.335,28.33,26.4 ,
2012-06-30,0,0,0.00,1.27,88.0 ,,22.3,23.8,24.865,25.05666667,22.5 ,
2012-07-01,0,0,0.00,3.81,0.5 ,,21.5,23.5,24.845,26.06,24.0 ,
2012-07-02,0,0,0.00,3.81,,,21.1,23.8,24.945,26.57333333,24.3 ,
2012-07-03,0,22.2,0.00,15.24,,,21.7,23.8,24.575,27.59,24.5 ,
2012-07-04,0,3.6,0.00,0,0.2 ,,20.9,26.5,25,28.46666667,25.4 ,
2012-07-05,15,4.6,0.25,0,4.0 ,,21.1,23.8,26.48,29.54,23.4 ,
2012-07-06,0,0,10.16,0,56.0 ,,21.1,26.8,22.93,30.19666667,21.3 ,
2012-07-07,0,0,27.94,0,,,21.8,30.5,20.135,30.63666667,23.9 ,
2012-07-08,0.5,0,1.78,0.508,,,21.1,25,19.275,23.53666667,26.0 ,
2012-07-09,2.5,0,0.00,0,,,19.7,21.3,21.335,24.55333333,26.6 ,
2012-07-10,0,0,0.00,0,0.4 ,,19.3,22.5,21.525,24.61333333,25.6 ,
2012-07-11,0.5,0,0.00,0,17.0 ,,22.2,22.8,21.545,24.13666667,23.7 ,
2012-07-12,63,0,0.00,0,0.5 ,,19.9,24.8,23.44,25.33333333,24.4 ,
2012-07-13,0,0,0.00,0,83.0 ,,21.6,25.5,23.66,25.50333333,24.6 ,
2012-07-14,0,1,0.00,15.748,3.5 ,,16.8,23.3,23.745,22.97666667,22.1 ,
2012-07-15,0,0,0.00,0,46.0 ,,19,25.8,23.575,25.83666667,19.6 ,
2012-07-16,0,0,1.02,0,0.5 ,,20,26,23.185,27.10666667,21.6 ,
2012-07-17,0,0,0.00,0,0.0 ,,21,29,23.385,27.64666667,24.7 ,
2012-07-18,0,0,0.00,0,2.5 ,,22.8,25.8,24.475,29.45,25.6 ,
2012-07-19,0,10,0.00,0,48.5 ,,20.4,24,24.76,28.09666667,24.5 ,
2012-07-20,0,0,0.00,0,0.0 ,,19.8,21.8,25.81,23.28,25.5 ,
2012-07-21,0,0,0.00,0,,,20,21.3,26.045,23.75333333,26.5 ,
2012-07-22,0,0,0.00,0,8.5 ,,20.1,26.3,25.84,26.9,23.4 ,
2012-07-23,0,0,0.00,0,10.0 ,,20.4,28.5,25.71,28.83,26.0 ,
2012-07-24,0,0,1.02,0,0.3 ,,22.2,26.5,24.545,28.41666667,27.8 ,
2012-07-25,0,0,0.51,0,,,23.7,22.5,21.985,29.65333333,27.0 ,
2012-07-26,0,3,0.00,0,,,23.4,26.3,21.935,27.11,26.8 ,
2012-07-27,0,19.6,0.00,0,,,27.1,23.8,22.29,24.67333333,27.0 ,
2012-07-28,0,0,0.00,0,,,26.6,23,22.58,22.75666667,26.4 ,
2012-07-29,0,0,1.27,0,,,24.5,20.8,24.015,22.83333333,27.5 ,
2012-07-30,0,0,0.00,0,4.5 ,,27,25.5,21.815,25.17,27.3 ,
2012-07-31,0,0,0.51,0,0.0 ,,26.5,24.5,23.27,25.98666667,28.5 ,
2012-08-01,15.5,0,0.00,0,,,22.6,23.5,23.64,24.31666667,28.6 ,
2012-08-02,0,0,0.00,0,,,20,24.5,23.235,25.38,28.6 ,
2012-08-03,0,0,0.00,0,,,21.6,27.3,22.375,26.03666667,29.2 ,
2012-08-04,0,4.2,0.00,0,,,20.9,27.8,19.145,27.58666667,29.3 ,
2012-08-05,5.5,25.2,0.00,16.002,,,22.1,25,21.005,24.62,29.7 ,
2012-08-06,2.5,0,0.00,0,,,21.4,19.5,25.4,22.57333333,29.2 ,
2012-08-07,0,0,0.00,0,,,19.9,23,23.495,24.88333333,28.2 ,
2012-08-08,0,1,0.00,0,,,21.1,25.5,23.66,24.70333333,27.0 ,
2012-08-09,0,36.5,0.00,15.57866667,0.0 ,,23.7,20,21.82,23.04333333,28.1 ,
2012-08-10,9,1.5,0.00,0,0.0 ,,23.1,19.5,23.205,19.39333333,26.2 ,
2012-08-11,0,0,1.78,0,,,23.6,19,23.54,18.73666667,26.7 ,
2012-08-12,0,0,0.00,0,14.5 ,,24,19.8,19.615,19.60333333,25.0 ,
2012-08-13,13.5,4.3,0.00,6.773333333,0.5 ,,22.1,21.5,17.605,18.87333333,24.9 ,
2012-08-14,0,0,0.00,0,1.0 ,,22.3,20.5,20.785,20.42,25.4 ,
2012-08-15,0,0,0.00,0,92.0 ,,22,20.8,23.68,22.04333333,24.1 ,
2012-08-16,34,0,0.00,40.47066667,0.5 ,,21.4,22.5,16.2,19.43333333,24.5 ,
2012-08-17,1,0,0.00,0,3.5 ,,21.4,20.5,16.545,18.18,26.1 ,
2012-08-18,0,0,0.00,0,1.0 ,,22.7,17,18.69,17.93666667,26.3 ,
2012-08-19,0,0,0.00,0,4.5 ,,24,20,16.626,17.95666667,27.5 ,
2012-08-20,34,32,0.00,0,77.5 ,,24.8,19,17.84,18.42666667,25.3 ,
2012-08-21,0,0,0.00,0,78.0 ,,27.9,19,20.04,18.62666667,25.4 ,
2012-08-22,0,0,0.00,0,9.5 ,,27,20,21.41,20.69333333,23.1 ,
2012-08-23,6,0,0.00,0,,,22.8,22.5,20.985,23.27333333,21.6 ,
2012-08-24,0,0,0.00,0,0.2 ,,23,24.5,21.36,24.45,21.7 ,
2012-08-25,0,0,0.00,0,10.0 ,,24.7,26,18.925,24.37333333,23.3 ,
2012-08-26,0,3.6,0.00,33.18933333,0.0 ,,26.1,25.8,21.78,23.19,26.0 ,
2012-08-27,0,20.8,0.00,0.254,,,25.4,23.3,22.105,23.91333333,26.8 ,
2012-08-28,0,0,0.00,0,5.0 ,,25,21.5,23.58,22.32666667,26.7 ,
2012-08-29,0,0,0.00,0,7.5 ,,25.3,19,23.17,22.48,25.4 ,
2012-08-30,0,0,0.00,0,45.5 ,,28,23,24.77,23.08666667,20.9 ,
2012-08-31,0,0,0.00,0.423333333,2.0 ,,24.8,26.3,23.17,23.90666667,21.8 ,
2012-09-01,0,2,1.02,92.11733333,0.5 ,,26.1,23.3,21.7,23.68333333,22.1 ,
2012-09-02,0,0,0.00,3.217333333,,,25.4,22.8,24.215,22.75333333,23.4 ,
2012-09-03,0,1.8,0.00,0,,,26.6,25,21.275,24.32,24.2 ,
2012-09-04,31.5,17,0.00,0,24.0 ,,26.2,23,21.58,25.39333333,22.1 ,
2012-09-05,0,0,0.00,1.693333333,16.5 ,,25.1,21.5,17.88,21.23,21.5 ,
2012-09-06,0,0,0.00,0,,,23.2,22.8,19.2325,23.12,18.6 ,
2012-09-07,0,12.4,0.25,28.10933333,,,23.1,21.8,15.235,18.75666667,20.4 ,
2012-09-08,0,0,0.00,0,20.0 ,,23.4,18,16.4425,16.12666667,19.6 ,
2012-09-09,106,0,0.00,0,,,21.7,16.8,18.0815,16.69,19.6 ,
2012-09-10,3,0,0.00,0,,,22.1,15.5,20.885,16.80333333,20.5 ,
2012-09-11,23,0,4.57,0,,,21.8,20.5,20.29,18.73333333,19.7 ,
2012-09-12,0.5,0,3.81,0,,,23.8,22.5,12.2,19.95,19.3 ,
2012-09-13,0,0,0.00,0,8.5 ,,23.4,23.5,14.95,20.07,19.3 ,
2012-09-14,0,4,0.00,6.519333333,4.0 ,,24.5,17,15.4945,15.86333333,19.4 ,
2012-09-15,0,0,0.00,0,,,25.4,15.5,17.1185,16.11333333,19.3 ,
2012-09-16,3.5,0,0.00,0,7.5 ,,22.6,17.5,19.615,17.07333333,17.8 ,
2012-09-17,0,18,0.00,5.08,56.0 ,,24.1,21.3,12.517,18.20666667,17.1 ,
2012-09-18,0,0,0.00,0,,,26.7,15.3,14.6685,12.38,19.9 ,
2012-09-19,4.5,0,0.00,0,0.0 ,,25.6,12,17.671,13.2,18.4 ,
2012-09-20,0,1.2,0.00,0,,,21.8,17,16.7655,16.15666667,17.7 ,
2012-09-21,0,4.6,0.00,14.39333333,,,20.3,14.5,16.626,12.73666667,18.6 ,
2012-09-22,0,3.3,0.00,0,,,19.9,12.5,14.2265,10.24666667,19.4 ,
2012-09-23,0,0,0.00,0,,,19.5,8.5,16.764,10.64666667,18.6 ,
2012-09-24,0,0,1.02,0,,,19.2,11.5,18.955,11.43,18.4 ,
2012-09-25,12.5,0,9.65,3.979333333,,,16.3,16.5,14.694,16.75666667,18.3 ,
2012-09-26,5.5,0,3.81,0.508,,,16.9,18,14.085,18.55666667,18.2 ,
2012-09-27,0,0,1.02,0,,,17.4,14.5,13.475,16.62,17.4 ,
2012-09-28,0,0,0.00,0,8.5 ,,18.5,14.5,13.3295,15.18666667,15.9 ,
2012-09-29,0,0,0.25,0,0.5 ,,20.8,13.5,15.346,15.64666667,14.0 ,
2012-09-30,1,0,0.00,0,,,20.2,13.3,17.57,15.30333333,14.0 ,
2012-10-01,17.5,5.8,0.00,0,,,18.1,12.8,13.7855,13.46,15.5 ,
2012-10-02,0.5,0,0.00,5.588,,,17.9,16.3,16.221,13.61333333,17.2 ,
2012-10-03,0,0,0.00,0.254,,,17.1,17.5,15.75,15.75,16.8 ,
2012-10-04,0,0,0.00,0.508,,,16.6,18,3.0745,17.54333333,15.4 ,
2012-10-05,0,12,0.00,16.59466667,,,16.2,14.8,1.4725,6.671666667,15.9 ,
2012-10-06,2,0,0.00,0,,,16.3,8,1.533,5.185,16.1 ,
2012-10-07,0,,0.00,0,,,15.2,,3.3065,5.019666667,15.7 ,
2012-10-08,0,,0.00,0,,,14.4,,8.589,5.762666667,14.9 ,
2012-10-09,0,2,0.00,0,,,14.4,8.3,3.3635,10.23666667,14.3 ,
2012-10-10,0,0,0.00,0,0.1 ,,14.3,8.5,5.8905,6.451333333,13.8 ,
2012-10-11,9.5,0,0.00,0,,,13.6,8.3,8.7965,8.497333333,12.1 ,
2012-10-12,0,0,1.78,0,,,13.5,7.3,6.229,9.786666667,11.6 ,
2012-10-13,5,4,0.51,13.88533333,,,13.2,9.8,12.1075,14.61333333,11.9 ,
2012-10-14,10.5,1,0.00,1.016,0.0 ,,14.3,16.3,11.7755,16.89666667,12.7 ,
2012-10-15,1,0,0.00,0,,,12.9,11.5,12.671,10.10333333,10.3 ,
2012-10-16,0,1.5,0.25,0,,,13,9,13.6665,13.65333333,12.9 ,
2012-10-17,10,0,0.00,19.89666667,3.0 ,,13.8,14.5,7.6305,14.99333333,12.0 ,
2012-10-18,0,2,0.00,0.931333333,,,11.2,15.8,6.9275,9.6,8.2 ,
2012-10-19,1,0,0.00,11.00666667,,,9.3,12.8,8.805,8.113666667,10.8 ,
2012-10-20,1,1.5,0.00,0,0.2 ,,12,10,13.5155,8.464,12.2 ,
2012-10-21,5,0,0.00,0,,,9.1,9.5,11.5225,13.08666667,14.8 ,
2012-10-22,0.5,4,0.00,10.32933333,36.5 ,,10.4,13.8,7.7365,17.10666667,11.7 ,
2012-10-23,12.5,0.4,0.00,14.732,,,13.7,17.3,12.318,17.00333333,8.9 ,
2012-10-24,2,0,2.79,0,,,8.9,18.3,4.0175,18.67,10.6 ,
2012-10-25,0.5,0,1.02,13.335,0.5 ,,9.4,17.5,-0.1865,16.99333333,11.7 ,
2012-10-26,3.5,7.8,3.81,0,,,10.7,10.5,-4.288,5.690666667,12.1 ,
2012-10-27,0,0,0.00,0,35.5 ,,10.4,8.5,4.2195,5.131333333,10.9 ,
2012-10-28,9.5,7,0.00,0,0.5 ,,11.1,6.5,5.957,4.754333333,13.9 ,
2012-10-29,18.5,21,0.00,0,,,13.2,5,9.3355,5.882,10.2 ,
2012-10-30,2,6,0.00,0,,,9.3,5.3,11.553,5.385333333,8.6 ,
2012-10-31,3,0,0.00,0,,,8.3,4.8,10.4885,3.735666667,5.8 ,
2012-11-01,17,0,0.00,0,,,8.6,6.5,8.2375,4.885333333,4.8 ,
2012-11-02,15.5,0,0.00,0.508,,,9.1,4.5,9.342,5.074,3.2 ,
2012-11-03,11.5,0,0.00,1.016,,,8.6,2.5,5.6395,3.115666667,5.3 ,
2012-11-04,18.5,0,0.00,0,2.5 ,,8.6,2,7.467,3.446,8.8 ,
2012-11-05,0,0,0.00,0,6.0 ,,8,2.8,7.6325,2.282666667,8.5 ,
2012-11-06,5,0,0.00,1.608666667,1.0 ,,10.9,3,8.4425,2.999666667,6.9 ,
2012-11-07,45,0,0.00,0.254,,,10.1,4.3,9.141,5.275666667,7.0 ,
2012-11-08,0,0,0.00,0.508,,,9.9,2.5,6.194,5.743,4.8 ,
2012-11-09,2,4,0.00,0.254,,,9.8,5.5,5.3655,9.166666667,7.5 ,
2012-11-10,0.5,0,0.00,0,,,7.7,10.8,-2.0875,14.97,9.0 ,
2012-11-11,0,4,0.00,12.61533333,28.0 ,,7.2,12.3,-5.423,14.16,8.1 ,
2012-11-12,10,6.2,2.54,4.995333333,7.5 ,,9.2,8.5,-4.6515,0.753333333,6.9 ,
2012-11-13,0,0,0.00,0,0.0 ,,9.9,1.5,2.9185,-0.177,5.0 ,
2012-11-14,2,0,0.00,0,,,7.5,1.8,2.091,0.598333333,2.0 ,
2012-11-15,0,0,0.00,0,,,5.8,3.5,1.152,1.420333333,1.4 ,
2012-11-16,0,0,0.00,0,6.0 ,,6.4,4.3,1.6495,3.495,1.9 ,
2012-11-17,9.5,0,0.00,0,1.0 ,,6.7,4.8,6.428,4.218666667,5.1 ,
2012-11-18,40.5,0,0.00,0,,,3.3,6.8,7.1595,6.224,0.7 ,
2012-11-19,0,0,0.00,0,4.3 ,,1.8,6.3,3.499,8.218333333,1.0 ,
2012-11-20,0.5,0,0.00,0,,,2.1,7.5,6.148,10.87333333,-0.7 ,
2012-11-21,0,0,0.00,0,,,1.9,6.8,8.5975,8.178,0.2 ,
2012-11-22,1.5,3.8,0.00,2.709333333,,,3,9.3,6.582,9.95,4.0 ,
2012-11-23,6,0,0.00,0,,,0.6,4.3,-1.28,1.286666667,4.8 ,
2012-11-24,0,0.5,0.00,0,,,0.1,0.5,7.7765,-2.873,1.4 ,
2012-11-25,0,0,0.00,0,0.0 ,,1.8,0.5,3.1635,3.361666667,0.3 ,
2012-11-26,4.5,0,0.00,0,0.0 ,,3.1,0,-3.745,1.37,2.1 ,
2012-11-27,20.5,0,0.00,0,,,0.5,-2,3.565,-1.974333333,-1.7 ,
2012-11-28,5.5,0,0.00,0,3.0 ,,0.8,1.8,-0.5165,-0.157666667,2.9 ,
2012-11-29,2.5,0,0.00,0,,,2.2,2.8,4.814,3.484666667,-0.8 ,
2012-11-30,1,0,0.00,0,0.0 ,,-0.8,6,6.2635,6.279666667,-0.6 ,
2012-12-01,11.5,4,0.00,0,,,-3.2,6.3,6.989,10.09333333,-1.8 ,
2012-12-02,4,3.2,0.00,0,,,-2,6.5,6.0585,14.28,0.6 ,
2012-12-03,0.5,0,0.00,0,8.4 ,,1,9.5,5.649,16.99666667,-0.8 ,
2012-12-04,22,4.2,0.00,5.926666667,,,5.2,10.8,0.74,9.656666667,-5.0 ,
2012-12-05,1.5,0,0.00,0,8.4 ,,0.4,0.5,8.2235,3.024333333,-7.2 ,
2012-12-06,12,0,0.00,0,0.0 ,,-0.3,1,2.099,3.660666667,-7.8 ,
2012-12-07,1.5,4,0.00,7.450666667,1.4 ,,-4.3,4.3,2.097,6.867,-7.6 ,
2012-12-08,26,1,0.00,0.254,,,-3.1,4,0.5755,5.148666667,-7.7 ,
2012-12-09,0.5,8.3,0.00,7.027333333,,,-2.1,4,-9.3965,5.864333333,-11.3 ,
2012-12-10,0,0,0.00,0,0.0 ,,1.5,4.5,-5.8165,-1.280333333,-12.1 ,
2012-12-11,16.5,0,0.00,0,0.0 ,,-1,-0.3,-3.901,-2.738333333,-10.3 ,
2012-12-12,28.5,0,0.00,0,0.0 ,,-1.4,1.8,2.62,-0.349666667,-9.6 ,
2012-12-13,1.5,0,0.00,0,,,-2.6,3.8,1.0325,1.230666667,-7.1 ,
2012-12-14,3,0,0.00,0,23.5 ,,-0.4,2.8,-0.524,3.61,-1.0 ,
2012-12-15,1,0,0.00,5.334,0.0 ,,-0.6,4,0.9245,8.017333333,2.3 ,
2012-12-16,13.5,0,0.00,0,,,0.8,7.8,-1.8505,7.001,-0.2 ,
2012-12-17,1,0,0.00,1.354666667,,,0.3,6.5,-0.35,2.805666667,-0.4 ,
2012-12-18,27,0,0.00,0,,,-1.6,3.5,0.4055,3.572333333,-6.0 ,
2012-12-19,1,0,0.00,1.608666667,,,-4.7,4.3,-10.3765,3.233,-9.0 ,
2012-12-20,0,17,0.00,22.098,,,-4.3,4.5,-4.4,4.605666667,-7.4 ,
2012-12-21,0,2,0.00,0,0.0 ,,-1.5,-0.5,-0.14,-5.089666667,-3.3 ,
2012-12-22,4,0,0.00,0,,,-1.1,-1.3,1.25,-5.220666667,-4.6 ,
2012-12-23,4.5,0,0.00,0,,,-5.1,-1,-0.1,-1.118333333,-8.0 ,
2012-12-24,4,1,0.00,0,0.0 ,,-7.9,-1.3,-4.0655,-1.016333333,-10.7 ,
2012-12-25,2.5,0,0.51,0,0.6 ,,-7.3,-2.8,-13.415,-0.448333333,-7.8 ,
2012-12-26,9.5,6,0.00,0,,,-8.3,-2,-12.765,-0.790666667,-13.4 ,
2012-12-27,1,0,0.00,0,,,-8.4,-2.5,-12.193,-1.572333333,-9.7 ,
2012-12-28,0,5,0.76,0,0.9 ,,-5,-5.3,-9.451,-0.756666667,-4.0 ,
2012-12-29,0,0,0.00,0,5.8 ,,-4.5,-2.5,-9.258,-3.027666667,-2.2 ,
2012-12-30,9,0,0.00,0,0.4 ,,2,-3.5,-6.5815,-4.242666667,-6.7 ,
2012-12-31,2,0,,3.048,,,-3,-2,,-0.667,-11.3 ,
2013-01-01,0.5,0,0.00,0,5.2 ,,-5.6,-4.8,-9.469,-7.244,-9.4 ,5
2013-01-02,2,,0.00,0,0.1 ,,-4.3,,-6.2315,-10.37,-11.6 ,2
2013-01-03,0,,0.25,0,,3.6,-6.4,,-7.8425,-4.846666667,-16.5 ,0
2013-01-04,1,0,0.00,0,,7.4,-7.6,-3.8,-2.26,-5.784,-15.6 ,0.5
2013-01-05,0.5,0,0.00,0,0.2 ,3.8,-4.2,-2,-4.0055,-2.278333333,-13.9 ,1
2013-01-06,3,0,0.00,0,0.0 ,3,-5.9,0,-3.1565,-2.275,-10.9 ,1
2013-01-07,0,0,0.00,0,,1.8,-7.1,-2.5,1.6675,-3.155,-10.8 ,1.5
2013-01-08,0,0,0.00,0,,0,-7.3,0.8,2.578,0.463666667,-9.5 ,2
2013-01-09,0,0,0.00,0,,,-8.2,2.3,1.31,4.39,-12.0 ,2
2013-01-10,0,6,0.00,5.207,,,-6.6,1.3,-2.732,2.934333333,-13.3 ,4
2013-01-11,0,2,0.00,3.81,,,-6.5,2.5,-7.8875,11.20666667,-10.5 ,5
2013-01-12,0.5,44.6,0.00,19.177,1.8 ,14,-4.5,8,-15.78,7.442,-5.4 ,7
2013-01-13,3.5,6.8,0.00,0.508,,5.8,-3.9,5,-16.735,-3.778666667,-6.8 ,5
2013-01-14,0,0,0.00,0,,1.3,-5.3,-3.3,-15.25,-7.612333333,-7.8 ,5.5
2013-01-15,8,,0.00,0,,0,-7.1,,-9.9,-5.332,-8.1 ,7.5
2013-01-16,1,,0.00,0,0.0 ,,-6.6,,3.2555,-1.470666667,-4.5 ,4.5
2013-01-17,6.5,0,0.00,0,0.0 ,,-8.3,0.8,-0.08,-0.773,-5.6 ,0.5
2013-01-18,10.5,0,0.00,0,,,-8,-2.8,2.8,-0.961,-8.7 ,2.5
2013-01-19,5.5,0,0.00,0,0.0 ,,-2.4,2.3,3.5315,5.037666667,-4.5 ,8
2013-01-20,18,0,0.00,0,,,-1.1,-5.3,0.025,-4.864666667,-3.7 ,11.5
2013-01-21,3.5,0,0.00,0,23.0 ,3,-1.1,-8,-0.18,-10.60333333,0.2 ,8
2013-01-22,0,0,0.00,0,0.5 ,1.3,-2.7,-15,2.18,-12.11333333,2.0 ,4
2013-01-23,2,0,0.00,0,2.0 ,,-3.9,-11.5,6.182,-6.087,1.0 ,7
2013-01-24,6.5,0,0.00,0,0.5 ,,-2.6,-8.8,4.14,-8.076,-1.0 ,5.5
2013-01-25,8.5,4,0.00,0.762,,,-1,-8,3.8,-4.143666667,-9.2 ,5.5
2013-01-26,0,0,0.00,0,,,-4.9,-5.5,3.252,-4.969333333,-11.5 ,7
2013-01-27,4.5,0,0.00,2.286,,,-2.3,-4.3,4.7995,-1.176333333,-11.1 ,6
2013-01-28,1,0,0.00,1.016,0.0 ,,-4.3,1.8,2.201,9.77,-7.4 ,10
2013-01-29,9,15,0.00,17.272,0.0 ,0.3,-4.5,6.8,-8.0405,13.64666667,-1.1 ,10
2013-01-30,5.5,0,0.00,5.715,,,-1,7.3,-6.3705,4.144,1.3 ,13
2013-01-31,0.5,0,0.00,0,,2.8,-0.8,-4.5,-2.338,-7.365333333,1.1 ,17
2013-02-01,0,4,0.00,0,40.5 ,0.5,1.7,-7.8,0.175,-10.49,2.0 ,13
2013-02-02,1,7.5,0.00,1.143,,0.5,1.2,-7.8,1.555,-5.599,1.2 ,7.5
2013-02-03,0.5,2,0.00,0.254,9.2 ,0.3,-5.8,-9,2.029,-6.056333333,-4.6 ,
2013-02-04,4,6,0.00,0,2.9 ,5.1,-3.1,-7.3,1.987,-0.828666667,-1.4 ,11
2013-02-05,6,0,0.00,0,3.6 ,3.6,-4.9,-7.5,1.946,-0.013666667,-3.7 ,9
2013-02-06,0,0,0.00,0,3.4 ,3.3,-4.1,-6,4.4325,1.284,-0.7 ,5
2013-02-07,14.5,0,0.00,4.953,0.0 ,15.5,-3.5,-1,-0.215,3.46,-9.7 ,1
2013-02-08,8.5,2,0.00,0,,6.1,-2.5,-1.8,-0.355,-0.843333333,-12.4 ,-1.5
2013-02-09,4.5,,0.00,0,,5.6,-4.7,,-0.5345,0.418333333,-10.4 ,-0.5
2013-02-10,0,,0.00,11.049,0.3 ,0,-5.8,,-2.9175,5.791666667,-4.8 ,4
2013-02-11,0.5,0,0.00,0,,7.1,-6.1,3.3,-7.8995,2.373666667,-7.5 ,5.5
2013-02-12,0,0,0.00,0,,0.8,-6,-0.3,-4.247,-1.386,-4.8 ,4
2013-02-13,0,0,0.00,0,,2.3,-3.8,-2,-1.19,1.932666667,-5.0 ,7.5
2013-02-14,7,0,0.00,0,,7.6,-2.4,0.3,-1.7275,2.557,-2.6 ,7.5
2013-02-15,0.5,0,0.25,0,,0,-3.3,-1,-2.9685,-0.887,-2.1 ,4.5
2013-02-16,16.5,1.5,0.00,0,,0.3,-5.7,-4,1.49,-5.658333333,-5.4 ,9
2013-02-17,10,0,0.00,0,0.0 ,4.8,-5.9,-8,4.241,-4.702666667,-0.9 ,10.5
2013-02-18,6,5,0.00,11.43,,18.3,-5.3,-2.3,-2.286,4.641,0.7 ,4.5
2013-02-19,3,0,0.00,0,,10.4,-4,-2.5,-4.409,-5.062,-2.0 ,0.5
2013-02-20,1,0,0.00,0,,3.8,-6.4,-7.3,-3.931,-7.615666667,-5.1 ,4
2013-02-21,6,0,1.27,4.318,,2.3,-5.4,-6,-7.055,-4.292666667,-2.9 ,8
2013-02-22,0.5,5,0.51,1.778,0.7 ,0.3,-5,-2.3,-6.779,-0.256666667,-1.0 ,6
2013-02-23,0,0,0.00,0,,0,-5.3,0,-4.0635,-4.015333333,-2.7 ,9
2013-02-24,10.5,0,0.00,0,,0,-6.9,-2,-6.636,-3.464333333,-1.3 ,13
2013-02-25,12,0,0.00,0,,1.3,-5.8,-1,-8.9105,0.920666667,-0.2 ,14.5
2013-02-26,0.5,10,0.00,33.02,,7.1,-3.4,0.8,-4.3335,0.899333333,0.7 ,11.5
2013-02-27,0,0,0.00,0.635,,0,-0.3,1,-3.2905,0.136333333,2.8 ,11.5
2013-02-28,4,0,0.00,0,,7.6,0.8,1.8,-2.884,0.828666667,2.1 ,13
2013-03-01,4.5,0,0.00,0,5.0 ,13,0.6,-2.5,0.7405,-1.55,2.2 ,6.5
2013-03-02,11,0,0.00,0,,6.4,-0.8,-2.8,4.6125,-3.031,-0.5 ,3
2013-03-03,6,0,0.00,0,,0,-2.6,-3.3,7.9245,-3.606,0.4 ,7
2013-03-04,1,0,0.00,0,0.0 ,,-2.7,-4,-0.089,-0.323,0.4 ,10.5
2013-03-05,0,0,0.00,5.207,,,-0.6,-3,-4.772,0.264333333,2.6 ,14
2013-03-06,8.5,0,0.00,0,,,0.3,1.3,0.485,-1.817333333,4.0 ,17
2013-03-07,1,0,0.00,0,0.5 ,,0.6,1.5,6.098,-0.715666667,4.3 ,18
2013-03-08,7.5,0,0.00,0,,,1.4,0.5,2.505,1.548,6.1 ,21.5
2013-03-09,13.5,0,0.00,0.254,,,-5.4,2,0.074,5.303666667,10.3 ,19
2013-03-10,9.5,2,0.00,1.693333333,,5.6,-4,7.3,2.2675,11.18333333,3.9 ,8.5
2013-03-11,4,9,0.00,0,,1.8,-3.7,6,4.0345,3.065333333,2.3 ,11
2013-03-12,0,,4.32,0,0.5 ,1.5,2.7,,-2.277,0.701,4.5 ,16
2013-03-13,10,,0.00,0,15.5 ,21.3,2,,4.2935,-2.24,5.5 ,6
2013-03-14,1,0,0.00,0,,14.2,-3.2,-1,10.64,-0.808666667,3.6 ,6.5
2013-03-15,0,,0.00,0,,0,1.5,,13.3795,5.285666667,4.0 ,13
2013-03-16,5.5,,0.00,0,,8.4,-0.8,,5.921,2.722,6.4 ,17
2013-03-17,0,0,0.00,0.254,6.0 ,13.7,0.8,-2.3,4.503,1.443,6.7 ,17
2013-03-18,3,0,0.00,1.143,2.5 ,,4.8,-1,1.27,1.315333333,8.3 ,17
2013-03-19,0,0,0.00,0,,13.7,3.4,-3,1.225,-0.894666667,9.1 ,15
2013-03-20,11.5,0,0.00,0,5.5 ,0,-0.4,-2.5,-1.9245,-3.961,3.1 ,10.5
2013-03-21,7,0,0.00,0,,3.3,-4,-4.5,3.2165,-3.986333333,0.8 ,13
2013-03-22,2.5,0,0.00,0,,4.8,-0.1,-1,-0.8735,0.495333333,1.6 ,16
2013-03-23,0.5,0,0.00,0,,4.3,-1.7,-1.5,-8.597,3.699333333,4.0 ,13
2013-03-24,0,0,0.25,1.905,,15.5,0.1,-1,-7.5235,-0.516333333,6.1 ,8
2013-03-25,0,2,0.00,0.508,,0.5,-0.1,0.3,-5.2755,-0.6,2.9 ,8.5
2013-03-26,0.5,9,0.00,0,,0.8,0.4,4.3,-1.4565,0.628,3.2 ,9
2013-03-27,0,0,0.00,0,,0.5,2.8,3.8,4.5235,0.397,7.1 ,13.5
2013-03-28,0,0,0.00,0,,0,4.6,4.5,7.623,2.087666667,8.0 ,16
2013-03-29,0,0,0.00,0,,,2.4,3.8,9.447,6.062333333,5.7 ,11
2013-03-30,0,0,0.76,0,0.0 ,,1,4,8.4345,7.852333333,4.3 ,14.5
2013-03-31,0,0,0.00,0,,,1.3,7,7.9945,9.9,5.6 ,13
2013-04-01,0,0,0.00,0,0.2 ,0,3.2,1.5,3.0975,3.175666667,7.4 ,14.5
2013-04-02,0,0,0.00,0,5.0 ,0,5.2,0.3,3.468,2.062666667,6.9 ,13
2013-04-03,0.5,0,0.00,0,,0.5,6.9,-0.3,8.411,3.126666667,7.5 ,16
2013-04-04,0,0,0.00,0,,4.8,5.9,4,10.172,7.165333333,10.8 ,18.5
2013-04-05,0,0,0.00,0,,3.8,4.6,4,13.6355,8.376333333,13.3 ,14.5
2013-04-06,1.5,0,0.00,0,19.5 ,0.5,7.4,5,10.98,13.69,8.2 ,8
2013-04-07,59.5,0,0.51,0,0.2 ,,9.3,9.5,10.136,15.33333333,5.1 ,11.5
2013-04-08,2,,0.00,0,0.5 ,,5.3,,6.659,17.48333333,6.8 ,17.5
2013-04-09,2.5,,0.00,0,2.5 ,,5.4,,-8.651,19.82666667,5.3 ,13.5
2013-04-10,1,29.5,0.25,36.83,1.5 ,,4.8,6.3,-7.9745,14.09333333,3.0 ,14
2013-04-11,1,,0.00,2.413,0.5 ,,4.5,,1.77,9.103333333,4.2 ,15
2013-04-12,4.5,,0.00,0,,,3.1,,4.6985,4.383,5.4 ,18.5
2013-04-13,0.5,0,4.06,0,,,6.4,4.3,6.228,6.174333333,10.7 ,20.5
2013-04-14,4.5,0,0.00,0.508,2.5 ,,8.3,5.8,3.8415,14.22333333,9.2 ,23
2013-04-15,0.5,6.5,0.00,3.81,,,5.7,10,-1.847,13.85333333,5.7 ,24
2013-04-16,0,3.6,0.00,34.798,0.0 ,0,6.7,10.8,-3.286,8.463333333,13.5 ,22.5
2013-04-17,1,0,0.00,6.858,,0,4.4,9,-5.363,12.26666667,9.9 ,20.5
2013-04-18,1.5,9.5,0.00,59.944,0.2 ,,4.9,13,-5.316,15.05666667,11.2 ,16.5
2013-04-19,10.5,0,4.57,1.27,,4.8,3.4,7.5,0.565,3.453666667,8.7 ,12.5
2013-04-20,1,0,0.00,0,5.5 ,7.4,5.5,3,5.6565,3.605666667,6.6 ,9.5
2013-04-21,0,0,0.00,0,,0.5,7.1,2.8,7.6715,6.426333333,9.4 ,11
2013-04-22,0,0,0.00,0,,13.7,8.6,8.3,0.2455,12.09,10.7 ,17.5
2013-04-23,0,8,4.06,9.779,6.0 ,0.5,10.7,11.5,-3.88,11.23333333,10.5 ,17
2013-04-24,3,9,0.25,2.413,0.5 ,,9.7,4,3.1855,4.925333333,14.1 ,16.5
2013-04-25,0,6.8,0.00,0,5.0 ,,8.8,5.8,7.0625,7.138,9.0 ,17.5
2013-04-26,2,0,0.00,0,2.5 ,,8.6,6.9,10.038,10.86333333,9.1 ,20.5
2013-04-27,3.5,0,0.00,5.207,,,7,11.8,12.712,11.63333333,11.1 ,22
2013-04-28,10,15.4,0.00,1.778,,,5.4,10.8,15.139,13.14666667,12.4 ,23.5
2013-04-29,1.5,0,0.00,0,17.0 ,54.9,5.8,12.8,16.3945,15.15333333,14.2 ,21.5
2013-04-30,3,0,16.51,0,0.0 ,7.4,5.1,15,6.7635,20.24333333,13.1 ,14
2013-05-01,0.5,0,1.27,0,,1.8,5.5,18.5,-4.433,20.53,12.7 ,16
2013-05-02,1.5,0,9.14,4.191,0.2 ,0,4.6,18.8,-1.9635,17.17333333,11.4 ,18.5
2013-05-03,10.5,0,0.00,1.778,2.5 ,,4.6,17.8,5.3455,14.66333333,12.2 ,20
2013-05-04,1,0,0.00,2.921,0.5 ,,5.9,15.5,8.331,14.48,14.1 ,22
2013-05-05,5,0,0.00,0.762,,0,7.8,16,7.0705,14.05666667,15.4 ,21
2013-05-06,12.5,0,0.00,0,,16,6,15.3,10.3585,16.46666667,16.4 ,20
2013-05-07,0,0,0.00,0,,1,5,17,12.3695,18.14,18.7 ,20
2013-05-08,0,0,5.08,0,,13.7,7.8,17,12.0615,19.94666667,19.4 ,20
2013-05-09,0,3,1.52,24.13,1.0 ,23.9,11.2,16,10.2265,16.64333333,17.1 ,22.5
2013-05-10,0,0.8,0.00,0,17.5 ,0.5,12.9,14,11.642,13.96,15.5 ,22
2013-05-11,17,1,0.00,0,,0.5,9.8,10,11.709,11.49666667,16.9 ,22
2013-05-12,0,0,0.00,0,0.5 ,0,10.7,7.5,16.988,8.65,19.5 ,25
2013-05-13,0,0,0.00,0,,,8.7,4.5,20.42,12.29333333,21.1 ,26
2013-05-14,0,0,0.00,0,,,10.3,12.5,20.235,20.62333333,17.8 ,28
2013-05-15,5,0,0.00,0,,20.6,9.6,21.5,18.47,24.68666667,20.2 ,23.5
2013-05-16,0,0,0.00,0.762,,25.1,9.7,19.5,18.26,22.16333333,18.5 ,22
2013-05-17,0,0,0.00,0,,6.4,12.1,14.3,18.75,21.02,18.4 ,22.5
2013-05-18,0,0,0.00,0,2.5 ,3.8,12.8,16.5,17.58,21.17666667,18.0 ,23.5
2013-05-19,0,0,0.00,0,23.0 ,,12.8,20,15.855,24.09,17.2 ,24
2013-05-20,0.5,0,5.33,4.826,,,12.7,20.8,12.565,24.68666667,16.3 ,25.5
2013-05-21,1,0,0.00,1.778,,,14.7,22.5,12.742,21.80666667,16.3 ,26
2013-05-22,4.5,0,0.00,2.794,,,13,20.8,12.6105,19.46666667,16.9 ,27
2013-05-23,1,4.4,0.00,2.032,,0,9.7,14.3,14.135,12.64666667,21.0 ,24.5
2013-05-24,0,0,0.00,0,,,10,7.8,17.7975,11.77666667,22.2 ,26.5
2013-05-25,0,0,0.00,8.763,,,13.3,9.8,19.22,11.12333333,23.7 ,27
2013-05-26,0,0,0.00,1.27,,3,16.4,11.5,19.76,14.18,24.0 ,26
2013-05-27,0,17,0.00,7.62,43.0 ,4.3,19.6,11,17.4965,18.11333333,19.3 ,25.5
2013-05-28,0,5.8,0.00,0,19.0 ,3,20,16.3,18.235,21.62,18.5 ,27.5
2013-05-29,0,0,13.46,0,0.1 ,0,15.3,22.8,12.5485,23.69,17.4 ,28
2013-05-30,1.5,0,0.00,8.043333333,,2.8,16.9,23,14.375,24.16,18.6 ,21.5
2013-05-31,0,4.6,0.00,18.62666667,,0,20.7,22,14.725,21.17666667,19.4 ,24
2013-06-01,0,2.4,0.00,9.398,,17.3,20,21,13.4355,19,20.8 ,22.5
2013-06-02,0,0,0.00,2.286,,5.6,16.6,20,15.584,15.58666667,21.4 ,18
2013-06-03,0.5,,0.00,0,,2.3,13.3,,17.8855,14.49666667,21.6 ,23.5
2013-06-04,0,,0.00,0,,0,13,,15.925,17.47666667,21.8 ,25
2013-06-05,0,0,0.00,0,,,13.2,16.3,12.5475,20.65333333,23.1 ,25.5
2013-06-06,0,0,0.00,0,0.0 ,21.3,14.8,15.8,15.787,20.62,23.5 ,26.5
2013-06-07,0,0,0.00,0,,68.8,18.1,14.3,18.815,17.73333333,24.7 ,21.5
2013-06-08,0,0,0.00,0,,0,19.5,16.5,18.75,19.65333333,25.7 ,22
2013-06-09,0,2,0.00,0.254,,1,17.1,19.3,18.867,21.76333333,25.0 ,23.5
2013-06-10,0,31.8,0.00,0,,0.3,18.4,17.5,23.1,20.41,24.2 ,22.5
2013-06-11,0,0,0.00,0,1.0 ,0.5,20,21,23.775,23.21,22.0 ,21.5
2013-06-12,0,39,0.00,0,4.5 ,0,18.8,20.3,21.455,28.27333333,20.1 ,21.5
2013-06-13,0,0,0.00,0,,0,20.8,20.3,20.085,22.49,23.7 ,21
2013-06-14,4,0,0.00,0,,8.1,20.6,19.5,22.25,20.74333333,24.9 ,22.5
2013-06-15,30.5,3,0.00,19.89666667,,2.8,20,18.5,17.635,21.72666667,25.1 ,27
2013-06-16,0,0,0.00,0.592666667,,5.3,19.8,22.8,19.695,22.07333333,24.6 ,29.5
2013-06-17,8.5,0,0.00,0,0.0 ,15.5,18.9,21.5,17.585,23.82333333,23.2 ,30.5
2013-06-18,1.5,0,0.00,0,9.5 ,,18.5,18.3,20.575,22.62666667,21.5 ,31.5
2013-06-19,0,0,0.00,0,0.0 ,34.8,18.3,16,21.56,22.24333333,24.2 ,30.5
2013-06-20,0,0,0.00,0,,0,15.9,18.8,22.145,24.75333333,24.8 ,28
2013-06-21,0,,0.00,0.254,,,15,,23.23,25.16,25.4 ,27
2013-06-22,1.5,1.6,0.00,50.37666667,,0,14.8,25.5,20.46,21.99,24.6 ,28
2013-06-23,0,0,0.00,0,0.1 ,3,18.6,26,19.445,22.58666667,23.4 ,29
2013-06-24,0,0,0.00,1.143,,4.3,19.8,24.5,23.335,23.35666667,23.9 ,28
2013-06-25,0,8.6,0.00,49.44533333,13.0 ,5.8,20.2,24,22.965,23.67333333,24.2 ,28.5
2013-06-26,0,4.4,0.00,0,13.0 ,52.6,18.8,23.3,23.965,23.42,24.9 ,26
2013-06-27,15.5,8,0.00,0,7.0 ,56.6,15.3,23,26.72,25.83,25.1 ,23.5
2013-06-28,0,,11.94,0,23.0 ,10.7,15.6,,25.15,23.1,23.9 ,24
2013-06-29,0,,0.00,0.635,,16.3,16.4,,21.785,19.55333333,25.4 ,24
2013-06-30,0,1,0.00,0,,18,18.9,21,21.07,19.80333333,26.5 ,28.5
2013-07-01,0,4,2.29,0,,,21.9,18.5,18.925,19.66666667,26.4 ,30.5
2013-07-02,0,0,0.00,0,54.5 ,,22.5,19.5,20.025,17.60666667,24.4 ,32.5
2013-07-03,1.5,8,0.00,1.524,,,18.9,22.3,20.45,18.61333333,26.3 ,33
2013-07-04,4.5,35,0.00,0,5.5 ,,21.1,23,24.205,20.49333333,25.5 ,32.5
2013-07-05,0,3,0.76,0,24.5 ,1.5,22.3,22.8,23.15,21.73666667,25.7 ,32
2013-07-06,0,0,0.00,0,,,23.2,24,23.675,21.45333333,27.0 ,30.5
2013-07-07,0,1.5,0.00,0,0.5 ,,23.9,23.5,22.73,23.48666667,25.1 ,32
2013-07-08,0,19,0.00,0,90.0 ,,24.5,23.3,23.34,24.61666667,23.3 ,32.5
2013-07-09,0,10.1,0.00,0,19.5 ,,26.1,24.3,24.505,26.68666667,26.3 ,32.5
2013-07-10,12.5,0,0.00,43.561,22.0 ,,23.1,25,22.275,24.30666667,25.1 ,33
2013-07-11,0,0,0.00,0,72.5 ,,22.3,21,25.07,21.01333333,24.8 ,32.5
2013-07-12,0,0,0.25,0,33.5 ,,21.8,21.5,25.79,20.7,23.6 ,31
2013-07-13,0,0,1.02,0,58.0 ,0,22.6,22.8,24,22.01,22.6 ,29.5
2013-07-14,0,0,8.13,0,125.0 ,0,22.4,26,20.395,25.12666667,23.5 ,31
2013-07-15,0,6.4,0.00,0,140.0 ,,22.8,27,20.915,26.49,22.3 ,31.5
2013-07-16,0,11.2,0.00,0,0.0 ,,22.4,26.8,19.875,26.89666667,25.3 ,31.5
2013-07-17,0,2,0.00,0,22.5 ,,20.7,27.5,22.32,27.76666667,25.7 ,31.5
2013-07-18,0,0,23.11,0,52.0 ,,20.6,27,24.2,27.74,23.9 ,31.5
2013-07-19,0,47.7,0.00,0,,,21,28,20.63,27.94,25.9 ,31.5
2013-07-20,0,0,0.00,2.159,0.3 ,0,22.1,23.8,20.865,25.13666667,26.5 ,32
2013-07-21,0,0,0.00,60.198,6.5 ,2.3,23,22.5,19.77,22.22,25.9 ,32
2013-07-22,0,1.5,0.00,12.573,60.0 ,,21.9,22.5,22.98,23.70666667,24.9 ,32
2013-07-23,0,10,0.00,1.27,34.0 ,,24,23.3,21.63,23.30333333,25.3 ,33.5
2013-07-24,0,0,0.00,0,14.0 ,,22.7,17.8,21.95,17.69,26.0 ,34.5
2013-07-25,5.5,0,0.76,0,,,18.7,17.5,20.21,18.68333333,25.2 ,34
2013-07-26,0,1,0.00,0.508,,,22.2,20.3,20.9,19.26333333,25.7 ,34.5
2013-07-27,11.5,5.1,0.00,0,,,21.6,20.3,17.435,17.05,26.6 ,34
2013-07-28,4,2,2.54,0,7.0 ,,22.2,15.3,18.195,16.15,23.8 ,35
2013-07-29,15,0,0.00,0,12.0 ,,23.1,18.5,19.735,18.34333333,28.0 ,35
2013-07-30,0,0,0.00,5.207,1.0 ,5.1,25.3,18.3,21.895,18.80666667,26.6 ,35
2013-07-31,0,12.4,0.00,0.508,16.5 ,,25.1,21,21.155,20.94,27.2 ,34.5
2013-08-01,0,0,0.00,0,,33.5,23.1,20.5,22.9,21.45,27.1 ,32.5
2013-08-02,0,0,0.25,0,0.1 ,0,21.4,18.5,22.26,21.76666667,25.8 ,31
2013-08-03,0,0,9.14,3.302,3.3 ,0.8,20.8,20.5,23.68,22.29666667,27.5 ,33
2013-08-04,0,0,0.00,0,0.0 ,0,22,18.8,20.14,19.62,27.8 ,33
2013-08-05,0,0,0.00,0,2.3 ,,23.2,17.8,21.44,20.41666667,26.3 ,34.5
2013-08-06,0,0,0.00,0,1.5 ,,26.3,22.5,20.195,22.95333333,25.2 ,34.5
2013-08-07,0,0,0.00,0,,,25.5,24,17.415,22.96666667,27.8 ,35.5
2013-08-08,0,0,0.00,0,,,25.9,21.8,17.79,22.06333333,29.3 ,36
2013-08-09,27,0,0.00,0,43.7 ,,23.2,21.3,17.555,21.8,28.8 ,35
2013-08-10,0,0,0.00,0,0.4 ,,23.9,20.5,19.7,23.08666667,27.4 ,34
2013-08-11,0,0,0.00,0,,,24.2,20.3,20.73,21.16,28.1 ,33.5
2013-08-12,7,20.6,0.00,0,10.1 ,,24.1,20.3,19.095,22.31,28.7 ,34
2013-08-13,1,0,0.00,0,,,23.4,17.8,17.59,18.92,28.5 ,34
2013-08-14,0,0,3.05,0,,,24.6,16,18.43,15.21,27.8 ,33
2013-08-15,0,0,0.00,0,0.0 ,,25.7,17,18.985,16.57333333,27.8 ,32.5
2013-08-16,0,0,0.00,0,0.1 ,,26.7,19,21.035,19.17333333,27.6 ,32.5
2013-08-17,4.5,0,0.00,0,0.0 ,,25.1,21.3,22.74,19.46,28.1 ,33
2013-08-18,15,0,0.00,0,9.0 ,94.7,26,21.5,21.7,21.17666667,27.4 ,31.5
2013-08-19,1,0,0.00,0,29.4 ,7.9,25.9,19.8,22.77,22.23666667,27.2 ,29
2013-08-20,16,0,0.00,0,,0,23.5,22.5,23.78,22.83,25.9 ,30
2013-08-21,2,1.6,0.00,0,,7.6,22.1,24.8,24.945,23.56,26.5 ,29
2013-08-22,0,0,0.25,0,,7.6,23.1,24.3,20.345,22.68,27.9 ,28.5
2013-08-23,0,0,0.00,0,94.3 ,7.6,23.7,22.8,21.76,22.22666667,25.9 ,31
2013-08-24,11,0,0.00,0,,0,21.6,21,22.07,22.24333333,25.6 ,30
2013-08-25,39.5,0,0.00,0,,22.1,21.3,22,22.815,22.6,24.9 ,30
2013-08-26,0.5,0,0.00,0,,21.3,21,25.3,23.78,24.01666667,25.1 ,29
2013-08-27,21.5,20.8,0.00,0,,,20,24.3,24.135,25.9,23.9 ,29
2013-08-28,14,0,0.00,0,,,19.9,25,24.73,26.64,24.5 ,30.5
2013-08-29,2,0,0.00,0,19.9 ,3.8,20.1,24.3,25.235,23.75333333,24.3 ,31
2013-08-30,18,0,0.00,2.667,,12.4,19.3,23.8,22.865,25.92666667,25.4 ,27
2013-08-31,3.5,1,0.00,5.461,,,19.1,24.3,23.725,24.69,23.3 ,24.5
2013-09-01,1,1,0.00,0,,,19.8,23.5,20.665,22.44333333,22.5 ,25
2013-09-02,0,1,0.00,0,,,20.2,22.8,21.75,22.41,20.8 ,25
2013-09-03,4.5,0,0.00,0,,,20.6,18.8,24.1,18.15666667,19.6 ,25
2013-09-04,43,0,0.00,0,,,21.3,20.3,24.355,19.56666667,20.0 ,25
2013-09-05,5,,0.00,0,,0.3,22.4,,24.66,22.00666667,,23.5
2013-09-06,4,,0.00,0,1.6 ,8.4,18.2,,26.17,22.35666667,19.5 ,22.5
2013-09-07,0,0,0.00,0,,11.2,19,20.8,23.73,22.92333333,20.4 ,22
2013-09-08,0,0,0.00,0,,4.1,20,21.8,23.14,23.75,20.8 ,24.5
2013-09-09,0,0,8.38,0,,0,19.9,19.5,20.985,26.10666667,21.4 ,27.5
2013-09-10,0,0,13.72,0,3.0 ,,20.5,28.3,16.535,26.76666667,21.5 ,29.5
2013-09-11,0,13,43.94,0,10.6 ,5.6,21.2,27,16.755,26.21333333,20.4 ,29.5
2013-09-12,0,0,14.99,0,0.2 ,,21.5,23.3,15.47,22.45666667,23.0 ,30.5
2013-09-13,0,,11.18,0,71.8 ,14,21.2,,18.63,15.46666667,21.9 ,29.5
2013-09-14,15,0,2.79,0,49.7 ,,23.4,12,19.225,14.09333333,22.2 ,28
2013-09-15,29,0,21.08,0,,,21.9,17.3,13.245,16.75333333,22.3 ,27
2013-09-16,32,0,0.00,0,,,17.9,14.8,15.74,15.03333333,19.5 ,25.5
2013-09-17,0,0,0.00,0,,,19.2,13.3,18.4,16.24,20.0 ,25
2013-09-18,0,0,0.00,0,,,17.6,18,19.25,22.19666667,22.0 ,25.5
2013-09-19,0,24,3.05,1.651,,,17.3,20.8,13.222,25.88333333,22.1 ,26.5
2013-09-20,0,32.5,0.00,9.906,,,19.5,23,12.8695,20.23,22.1 ,26.5
2013-09-21,0,0,0.00,0,,7.6,19.6,18.5,16.69,15.26666667,22.3 ,26.5
2013-09-22,0,0,2.03,0,0.0 ,0.5,16.7,13,17.76,14.35,21.6 ,27
2013-09-23,0,0,7.37,0,,,16.1,11.8,12.5675,14.29333333,21.2 ,27.5
2013-09-24,4.5,0,0.00,0,5.3 ,1.8,18.4,14,12.805,16.18,20.5 ,26.5
2013-09-25,26,0,0.00,0,3.8 ,1.8,14.6,16,15.4075,18.83666667,19.5 ,19
2013-09-26,0,0,0.00,0,,,12.8,17,12.4485,17.85333333,16.7 ,21.5
2013-09-27,0,0,3.56,0,,,12.8,17.3,7.639,18.68333333,15.4 ,22
2013-09-28,0,0,0.00,0,3.8 ,,15.5,15.8,8.612,20.96666667,15.1 ,23.5
2013-09-29,0,4,0.00,1.27,19.5 ,,18.5,15.5,12.4175,17.28333333,15.9 ,22
2013-09-30,9,0,0.00,0,2.8 ,,17,17.5,15.335,16.69,18.9 ,23
2013-10-01,3,0,0.00,0,,,16.9,19.3,13.948,19.93666667,19.1 ,22.5
2013-10-02,0,0,0.00,0,0.0 ,,19.6,20.5,14.5285,20.29333333,18.5 ,21.5
2013-10-03,0,0,9.65,8.255,,,16.3,20,9.914,21.98666667,14.5 ,19.5
2013-10-04,0,0,4.32,0,,,13.5,21.8,3.1855,23.27666667,14.7 ,20.5
2013-10-05,0,0,0.00,20.574,,3.6,16.3,20.8,8.172,20.88666667,17.4 ,22.5
2013-10-06,0,16.8,0.00,2.032,0.0 ,95.5,16,21,10.3325,12.24666667,18.3 ,22.5
2013-10-07,0,1,0.00,0.762,,226.3,17.4,12.3,11.4375,11.31666667,21.1 ,22.5
2013-10-08,0,0,0.00,0,4.5 ,18.8,17.1,12.8,15.318,14.76,19.1 ,22
2013-10-09,1,0,0.00,0,,10.9,12.8,17,10.9585,14.3,,21
2013-10-10,0,0,0.00,0,,0,14.8,14.8,9.5355,16.74666667,18.9 ,23
2013-10-11,21,0,0.00,0,0.3 ,,17,15.3,8.831,18.07333333,18.2 ,24
2013-10-12,0.5,0,0.00,0,,,16.2,17,7.7625,17.99,14.0 ,22.5
2013-10-13,3,0,0.00,0,,,12.1,17.8,8.3745,13.70666667,13.9 ,22
2013-10-14,0,0,0.25,0,,1.8,14,12.8,6.248,11.68666667,15.0 ,21.5
2013-10-15,1,5,0.00,0.762,3.1 ,0.5,12.3,13.5,2.798,14.8,11.7 ,16
2013-10-16,35,0,0.00,0,,,6.9,16.3,4.3215,8.252,10.4 ,15
2013-10-17,10,3.6,0.00,1.778,,,8.2,11,3.0515,8.282666667,9.9 ,17
2013-10-18,0,1,8.13,0,,,9.7,12,3.1165,7.852666667,10.8 ,19
2013-10-19,0,8.6,0.00,7.112,,1.5,9.6,8,6.5845,7.861,12.5 ,18.5
2013-10-20,1.5,0,2.03,0,,,11.4,10.5,2.2855,11.26,15.7 ,18
2013-10-21,3.5,0,0.25,0,,,12.6,15,5.2855,6.990333333,13.8 ,17
2013-10-22,0,0,0.00,8.128,,,11.7,6,8.932,2.559666667,12.9 ,17.5
2013-10-23,0,,0.00,0,,,11.4,,9.286,3.726333333,13.6 ,17
2013-10-24,0,0,0.00,0,,,11.6,4.3,5.6345,2.709,11.8 ,16
2013-10-25,17.5,0,0.00,0,,,13,4.5,9.8605,2.645333333,8.1 ,14.5
2013-10-26,3.5,1,0.00,0,,,11,7.8,8.3025,6.531666667,8.0 ,14
2013-10-27,27,0,0.00,0.762,,,8.6,5.8,9.9445,4.51,8.3 ,15
2013-10-28,3.5,0,0.00,0,,,8.5,8.3,5.351,7.230333333,8.2 ,18
2013-10-29,0,,0.25,0.762,0.0 ,,11.1,,1.2735,8.068333333,11.7 ,20.5
2013-10-30,0,,4.57,2.032,0.0 ,1.5,12,,1.682,15.04,9.6 ,20.5
2013-10-31,0,14,0.00,46.101,,0.5,11.2,11.3,4.857,14.71333333,9.0 ,19
2013-11-01,0,2,0.00,0,,0.3,10.1,9.5,3.222,8.390666667,11.2 ,19
2013-11-02,0,3,0.00,0,8.8 ,4.8,9.9,8.3,4.2355,5.259666667,10.9 ,20
2013-11-03,0,0,0.00,0,0.1 ,0,11.4,4,8.429,5.117,11.1 ,17
2013-11-04,1.5,0,0.00,0,0.1 ,0,9.1,6.3,0.855,9.063333333,11.2 ,15.5
2013-11-05,0.5,0,0.00,1.27,,,9.9,9.5,-1.304,11.64,9.8 ,16
2013-11-06,0.5,5.6,0.00,9.017,0.3 ,,12.1,11.5,1.295,8.753333333,9.8 ,17.5
2013-11-07,5.5,0.6,0.00,0,2.7 ,,12.6,5.3,2.764,2.414666667,11.9 ,17
2013-11-08,41.5,0,0.00,0.762,2.7 ,,5,4,7.446,4.080333333,6.7 ,19
2013-11-09,0,0,0.00,0,12.2 ,,6.5,7.8,5.0945,9.326666667,8.4 ,21.5
2013-11-10,15,0,0.00,0,0.1 ,1.3,6.7,7.3,7.5675,4.158,7.1 ,15
2013-11-11,4,5.8,0.00,3.175,,3,0.3,4.3,6.4165,4.506,1.7 ,13.5
2013-11-12,0,0,0.00,0,,14.5,0.8,-1.5,2.5795,-3.885333333,1.3 ,12
2013-11-13,0.5,0,0.00,0,,11.9,1.6,-0.8,6.419,-2.926666667,2.2 ,13.5
2013-11-14,0,0,0.00,0,0.0 ,0.5,5,4.5,6.36,3.097333333,3.7 ,13.5
2013-11-15,0.5,,0.00,0,0.8 ,,8.3,,6.039,6.428333333,6.7 ,13
2013-11-16,0,,0.25,0.254,0.0 ,,6.5,,4.878,12.38,4.8 ,13
2013-11-17,0,2.6,0.00,2.286,1.7 ,,5.4,11.8,4.272,14.6,5.3 ,10.5
2013-11-18,0.5,0,0.00,0,,,8.6,6.5,2.6855,5.103,2.0 ,8.5
2013-11-19,0,0,0.00,0,,,7.3,3,3.2975,0.82,1.0 ,10
2013-11-20,0.5,1,0.00,1.016,,,5.7,5.3,4.567,2.479666667,-0.3 ,12.5
2013-11-21,3,10.4,0.00,12.573,,,7,2,-7.876,7.960333333,0.3 ,14.5
2013-11-22,0.5,0,0.76,1.016,,,6.1,6.3,-6.763,3.823,1.4 ,15
2013-11-23,0.5,0,0.00,0,,,6.5,-2,-3.1615,-4.450333333,2.0 ,16.5
2013-11-24,0,0,0.00,0,18.1 ,9.1,5.4,-6.3,-2.442,-7.489333333,3.7 ,12
2013-11-25,18.5,0,0.00,0,14.7 ,6.9,7.7,-3.5,1.107,-1.907,5.2 ,9
2013-11-26,2,0,0.00,0,0.6 ,0,7.9,-0.5,2.813,-0.767666667,1.3 ,10.5
2013-11-27,1,0,0.00,0,2.2 ,,2.5,-3,3.2575,-7.222333333,0.3 ,6
2013-11-28,17,0,0.00,0,,,0.4,-5.5,0.535,-2.876666667,-3.9 ,4
2013-11-29,0.5,0,0.00,0,,,0.5,-2,4.695,-2.540666667,-2.6 ,4.5
2013-11-30,2.5,0,0.00,0,,,2.2,1,3.6625,2.286666667,1.2 ,9
2013-12-01,0,0,0.00,0,0.0 ,,1.6,4,4.2715,3.003,1.7 ,8.5
2013-12-02,1.5,0,0.00,0,,,2.3,1.8,8.759,3.494333333,-0.2 ,10.5
2013-12-03,1,0,0.00,0,,,1.9,3.5,-2.6,7.333,2.4 ,13
2013-12-04,0.5,0,0.00,0,,,4.3,7.5,-16.01,10.74666667,1.3 ,11.5
2013-12-05,0,0,0.00,0,,,6.5,5.5,-18.675,-1.92,0.7 ,13
2013-12-06,0,0,0.00,0,,,2.9,-1.3,-18.18,-6.775666667,0.7 ,11.5
2013-12-07,1,0,0.25,0,,,1.1,-3.3,-17.885,-9.18,1.0 ,11.5
2013-12-08,1,0,0.00,0,0.2 ,,1.5,-5,-15.715,-4.900666667,0.9 ,13.5
2013-12-09,0.5,0,0.00,0,13.2 ,,3.1,-4.3,-15.3485,-6.119,2.5 ,7.5
2013-12-10,7,0,0.51,0,0.0 ,,7.1,-6.5,-6.2565,-9.48,0.5 ,6
2013-12-11,8,0,0.00,0,4.8 ,,3.5,-6,-8.309,-8.483333333,-2.2 ,6
2013-12-12,1,0,0.00,0,11.4 ,,-0.1,-10,-2.425,-11.24333333,-5.4 ,9.5
2013-12-13,16,5,0.00,0,,,-2.7,-6,-0.525,-3.656,-9.3 ,9
2013-12-14,0.5,16,0.00,0,0.0 ,,-3.3,-4,-0.02,-0.865333333,-7.7 ,11
2013-12-15,8.5,0,0.00,0,,17,-0.6,-5.5,1.8815,-7.06,-8.5 ,9
2013-12-16,4.5,5,0.00,0,,40.4,2.9,-9.5,8.243,-6.872666667,-7.3 ,4
2013-12-17,0,1,0.00,0,,25.1,2,-7.5,4.0765,-4.744,-3.1 ,3
2013-12-18,0,0,0.00,0,,21.8,1.2,-3,6.3535,-5.087,1.4 ,5
2013-12-19,0,0,0.00,0,1.2 ,0,-0.2,-0.5,-1.069,2.768333333,-2.1 ,4
2013-12-20,0,0,0.00,2.54,0.3 ,,0.2,5,-7.382,6.353333333,-5.2 ,3
2013-12-21,0,0,0.00,8.636,,,-0.1,1.3,-6.2885,0.703666667,-5.8 ,2
2013-12-22,27,0,0.00,0.254,,,-2.9,2.3,-3.0875,0.314,-5.5 ,2
2013-12-23,4,0,0.00,0,,,-1.6,-0.5,-6.663,-7.382333333,-2.5 ,4
2013-12-24,0,0,1.52,0,,,-2.7,-7.3,-0.775,-11.33,-4.1 ,4.5
2013-12-25,4.5,5,0.00,0,,,-0.9,-4.5,-2.603,-3.026333333,-4.5 ,4.5
2013-12-26,3,0,0.00,0,0.7 ,,2.3,-2,1.15,-1.437333333,-2.5 ,3.5
2013-12-27,3.5,0,0.00,0,0.0 ,,2.1,-1.3,3.3325,0.942666667,-5.8 ,1
2013-12-28,13.5,0,0.00,0,,,-1.8,2.3,2.927,3.420333333,-9.1 ,0.5
2013-12-29,6,0,0.00,0,0.0 ,,-3,3.3,-4.4205,-1.625666667,-5.5 ,1.5
2013-12-30,11.5,4,0.00,0,,,-2,-7,0.7115,-10.10666667,0.9 ,5
2013-12-31,0,4,,0,,,-0.6,-8.3,,-5.034333333,3.7 ,7
2014-01-01,13.5,6,0.25,0,0.0 ,,-0.3,-10,-1.015,-3.937333333,4.0 ,8.5
2014-01-02,4,2,0.00,0,,,-3.4,-11.3,-3.45,-9.74,0.3 ,11.5
2014-01-03,1,0,0.00,0,,,-1.7,-12.5,3.515,-12.72333333,-1.2 ,10.5
2014-01-04,17.5,0,0.00,0,,,-3.7,-6.5,-7.7105,-1.851333333,0.3 ,5.5
2014-01-05,3,21,0.00,0,,,-4.2,-0.5,-16.62,-6.775,-0.5 ,6.5
2014-01-06,1,0,0.00,0,,0.3,-3.7,-18.5,-13.837,-22.97666667,-2.2 ,9
2014-01-07,0,0,0.25,0,,12.4,0.1,-17.3,-5.54,-17.65666667,-0.4 ,8.5
2014-01-08,3,0,0.00,0,,1.5,0.4,-13.3,-3.026,-9.966666667,0.9 ,4.5
2014-01-09,1,3,0.00,0,,1.3,-5.1,-8.3,-3.9855,-4.799333333,-6.7 ,2
2014-01-10,0,0,0.00,1.016,,1,-7,-0.5,1.3635,2.12,-7.3 ,5.5
2014-01-11,0,0,0.00,0.254,0.0 ,13.7,-6.6,3,2.4645,2.080333333,-2.7 ,5
2014-01-12,5,0,0.00,0,0.0 ,2.5,-6.2,2,5.367,2.220333333,-2.8 ,4
2014-01-13,7,,0.00,0,,0.8,-7.6,,4.242,4.614666667,-7.3 ,3.5
2014-01-14,0.5,0,0.00,0,,0,-4.6,0.5,-2.377,-1.179,-6.6 ,3
2014-01-15,0,0,0.00,0,,,-4.7,-5.3,2.755,-6.839333333,-5.6 ,3
2014-01-16,0.5,5,0.00,0,0.0 ,,-5.2,-7.5,2.3485,-1.752333333,-4.3 ,5.5
2014-01-17,7.5,3,0.00,0,,,-6.5,-6,0.17,-9.78,-4.0 ,7
2014-01-18,0,0,0.00,0,,,-6,-10.5,3.673,-7.019333333,-4.2 ,3.5
2014-01-19,2.5,0,0.00,0,,,-5.7,-4.5,5.292,-2.695333333,-4.6 ,5.5
2014-01-20,1.5,0,0.00,0,4.4 ,,-7,-4.3,2.118,0.944,-1.7 ,4.5
2014-01-21,4.5,0,0.00,0,0.0 ,,-6.3,-12.5,3.465,-12.97,-4.5 ,1.5
2014-01-22,6.5,2,0.00,0,,,-5.4,-15,-1.826,-12.30666667,-5.7 ,2.5
2014-01-23,4,0,0.25,0,,,-8.1,-11.8,-13.0705,-16.99,-4.7 ,7
2014-01-24,0.5,5,1.02,0,,,-1.8,-11.8,-1.325,-11.32666667,-0.3 ,12
2014-01-25,0,0,0.00,0,4.5 ,,1.7,-8.5,5.5085,-5.653333333,2.1 ,11.5
2014-01-26,9.5,5,0.00,0,,,-2.6,-9,2.955,-1.735333333,-0.7 ,6
2014-01-27,3,0,0.00,0,,,-4.9,-12,-14.19,-15.35333333,-2.0 ,10
2014-01-28,3,0,0.00,0.254,0.0 ,,-2.1,-19,-16.533,-16.06333333,2.1 ,12
2014-01-29,1,0,1.78,0,,0.3,-6.1,-13.8,-5.5825,-9.053333333,-1.4 ,13.5
2014-01-30,1.5,0,0.00,0,1.5 ,,1.6,-6.5,0.382,-2.499333333,2.5 ,16
2014-01-31,9.5,0,0.25,0,,,-3.1,-1.8,-6.5975,-4.300333333,-1.1 ,17
2014-02-01,0.5,2.5,0.00,8.89,13.1 ,,-5.1,0,-8.0195,-0.294666667,0.9 ,19.5
2014-02-02,0,0,0.00,0,1.3 ,,-2.2,-4,-13.6005,-7.167333333,3.2 ,17.5
2014-02-03,0.5,0,1.27,0,,0.3,-1.5,-8.5,-11.0485,-9.603333333,-1.3 ,6.5
2014-02-04,4,3,0.00,0,,,-6.4,-7,-15.9425,-6.948666667,-6.8 ,6
2014-02-05,8.5,3,0.00,0,,,-8.5,-5.5,-24.485,-6.703666667,-6.2 ,7.5
2014-02-06,0.5,0,0.00,0,,14.5,-7.7,-11.3,-21.755,-17.53,-2.4 ,8
2014-02-07,4,0,0.25,0,0.0 ,7.4,-7.6,-17.3,-15.848,-17.49,0.9 ,5.5
2014-02-08,1,5,0.51,0,6.5 ,0.3,-9.2,-13.3,-5.032,-8.786666667,0.3 ,3.5
2014-02-09,1.5,0,0.00,0,1.2 ,8.9,-6.6,-8.5,-10.2495,-8.320333333,-0.4 ,1
2014-02-10,2.5,0,0.25,0.254,0.0 ,,-3.2,-10.5,-8.3275,-16.72666667,-0.6 ,-2
2014-02-11,5.5,0,0.00,0.254,,,-4,-12,-3.573,-16.75333333,-2.0 ,1.5
2014-02-12,0.5,0,0.00,0.254,0.0 ,9.9,-4.4,-12.5,0.01,-12.45666667,-1.4 ,2.5
2014-02-13,5.5,0,0.00,0,,5.3,-3.7,-8,6.3145,-6.321,0.0 ,2
2014-02-14,0,0,0.00,0,,2.8,-4.7,-5.3,2.2855,-8.472,0.6 ,3.5
2014-02-15,2.5,0,0.00,0,,1.3,-4.1,-10,5.5145,-11.55666667,0.7 ,7
2014-02-16,5,2,0.00,0,,12.2,-1,-9.8,7.1245,-6.875,0.4 ,7
2014-02-17,12.5,10,0.00,0,,11.9,-1.9,-9.5,7.3055,-2.727333333,2.3 ,6
2014-02-18,5,0,0.00,0,,31,-2.9,-1.3,6.3565,1.628666667,1.5 ,2.5
2014-02-19,4,0,0.00,0,,0,-1.9,2,4.4885,2.149666667,-0.3 ,0
2014-02-20,2.5,0,0.00,1.016,,0,-3,3,-0.1805,5.882,0.0 ,3.5
2014-02-21,18.5,0,0.00,0,,,-3.7,1.8,3.447,2.371333333,-0.3 ,5.5
2014-02-22,3,0,0.00,1.524,,,-2.8,0.5,2.1165,1.547333333,-0.1 ,8
2014-02-23,0.5,0,0.00,0,,0.3,-2.8,-2,-2.4955,-4.341666667,1.0 ,10
2014-02-24,0,0,0.00,0,,22.6,-2.6,-6,2.935,-5.342,2.2 ,9
2014-02-25,0,0,0.00,0,,13,-0.6,-7.8,-11.6445,-6.671,3.5 ,11
2014-02-26,0,0,2.29,0.254,,11.2,1.2,-11.5,-7.169,-11.33333333,4.6 ,10.5
2014-02-27,0,0,0.00,0,,0.8,2.1,-10.5,2.339,-10.71666667,5.6 ,12.5
2014-02-28,1,0,0.00,0.254,,33.3,0.7,-11,3.435,-5.412666667,6.0 ,9.5
2014-03-01,0,7.5,0.00,0,,6.9,-0.8,-6.3,-10.5285,-2.587333333,6.3 ,6
2014-03-02,0,13,0.51,0,,5.8,-2.6,-12.3,-11.8345,-11.29333333,4.2 ,8.5
2014-03-03,0.5,0,0.25,0,,5.8,-4,-16.3,1.14,-12.75666667,2.9 ,10
2014-03-04,2,0,10.41,0,,0,-3,-14,5.5985,-5.475,4.0 ,9
2014-03-05,7,0,1.52,0,0.0 ,0,-1.7,-6.5,4.0095,-4.313,2.4 ,7.5
2014-03-06,3.5,0,0.00,0,,2.3,-4.2,-7.3,6.4325,-2.458,-0.4 ,4.5
2014-03-07,2.5,0,11.18,0,,2.8,-5.7,-1.5,3.568,2.775333333,-0.4 ,7
2014-03-08,0.5,0,0.00,0,,4.8,-4.5,-1.3,4.973,0.863,1.2 ,4
2014-03-09,8,0,0.00,0,0.0 ,2.8,-2.3,-2.8,8.564,1.719666667,1.4 ,7
2014-03-10,11,0,0.00,0,,0,-1.9,3,9.861,7.912,1.0 ,9.5
2014-03-11,3.5,1,0.00,0,,0.8,-2.7,2.8,2.701,8.138333333,3.2 ,14
2014-03-12,1.5,,0.00,0,0.5 ,12.7,-2.1,,0.8,-0.857333333,5.0 ,11
2014-03-13,1,0,0.00,0,,11.9,-0.4,-8.5,4.3365,-0.468666667,3.6 ,7
2014-03-14,0.5,0,0.00,0,,0,-0.1,0,5.2795,7.261666667,2.8 ,10
2014-03-15,1.5,0,0.00,0,,,-1,2.5,2.561,4.554666667,5.6 ,14
2014-03-16,2.5,0,0.00,0,,,0.6,-3.3,4.757,-2.358666667,10.6 ,19
2014-03-17,0.5,0,0.00,0,1.3 ,,1.7,-6.5,10.636,-1.919666667,11.4 ,19
2014-03-18,2.5,0,0.00,0,1.3 ,,2.1,1.5,-0.4635,4.487,13.1 ,20
2014-03-19,0,0,0.00,0,0.0 ,11.2,1.5,3.5,1.055,4.812666667,9.1 ,15
2014-03-20,0.5,0,0.00,0,0.6 ,,0.9,2.5,5.975,4.870333333,5.4 ,8.5
2014-03-21,6.5,0,0.00,0,,,-0.8,1,1.71,10.06666667,3.7 ,8.5
2014-03-22,6,0,0.76,0,,,0,2.3,-3.9055,3.420333333,6.0 ,12.5
2014-03-23,0.5,0,0.00,0,,,0.9,-6.5,3.607,-1.673666667,9.0 ,16
2014-03-24,0,0,0.25,0,,,4.8,-4.5,1.0645,-1.738333333,9.7 ,18
2014-03-25,0.5,0,0.00,0,,1.3,7.6,-2.8,4.977,-2.878,14.3 ,18
2014-03-26,0,0,0.00,0,,0.8,5.8,-5.3,7.1105,-1.045666667,14.5 ,18.5
2014-03-27,0,0,0.00,0,,1.5,5.2,0.5,7.773,6.473666667,13.7 ,20.5
2014-03-28,0.5,0,0.00,0,,1.5,5.3,5.3,3.8985,5.99,14.1 ,20
2014-03-29,0,2,0.00,0,1.4 ,9.9,6.8,1.5,5.2315,2.327333333,13.5 ,18
2014-03-30,0.5,0,0.00,0,1.7 ,8.1,4.2,3,10.118,4.836666667,12.9 ,16
2014-03-31,0.5,0,0.00,0,,0,4.4,5,5.616,11.64333333,12.0 ,13.5
2014-04-01,0,0,0.00,0,,,4.7,8,4.8895,8.623333333,13.1 ,14
2014-04-02,0,0,0.51,6.477,,0,6.4,4.5,4.9405,9.096666667,14.7 ,16.5
2014-04-03,0,3,0.00,14.56266667,7.5 ,,7.2,2.5,3.5675,8.92,7.7 ,14
2014-04-04,8.5,3,0.00,0,,0,2.4,5,2.698,6.316666667,5.7 ,14
2014-04-05,6.5,0,0.00,0,2.1 ,,1.6,4.5,6.547,5.792666667,3.9 ,16
2014-04-06,0.5,0,0.00,0,,3.8,2.7,4,5.735,7.228333333,7.1 ,14
2014-04-07,0,15.4,0.00,3.894666667,,1.8,4.5,6.5,6.3405,6.657333333,10.4 ,14.5
2014-04-08,0,0,0.00,0.762,,1,3.9,7.8,10.506,9.716666667,12.1 ,16.5
2014-04-09,0,0,0.00,0,,0,8.5,5.5,15.827,9.48,12.9 ,18.5
2014-04-10,6,0,0.00,0,,,3.9,11.3,10.811,14.05666667,13.5 ,21.5
2014-04-11,2.5,0,0.00,0,,0.5,2.9,9.3,12.5665,14.19666667,14.5 ,21
2014-04-12,0,0,0.00,0,0.0 ,3.6,4.5,12.3,11.9115,16.99333333,15.2 ,20
2014-04-13,0,0,2.54,6.434666667,,,4.1,13.3,0.959,17.93,16.4 ,15
2014-04-14,0,12.4,0.00,4.318,,0,7.7,13.3,-1.0525,6.432,15.9 ,16.5
2014-04-15,0,0,0.00,0,,0.8,9.1,-1,5.687,0.970333333,15.4 ,19.5
2014-04-16,0,0,0.00,0,,2,6,-0.5,7.6445,4.965,14.7 ,21
2014-04-17,0,0,0.00,0,1.2 ,2,5,8.3,6.3175,10.71333333,14.5 ,23
2014-04-18,0,0,0.00,0,0.0 ,5.1,4.5,11.3,12.7245,12.74333333,15.2 ,19
2014-04-19,0,0,0.51,0,,18.8,3.6,6,13.442,12.64333333,11.5 ,16
2014-04-20,0,0,0.00,0,,0.8,6,10.5,13.1405,16.55333333,14.5 ,15.5
2014-04-21,0,1.5,0.00,0,,30,8.6,13.8,10.1485,16.55333333,14.6 ,14.5
2014-04-22,0,0,0.00,0,,1.3,8.5,13.3,14.492,12.91,14.8 ,13.5
2014-04-23,0,0,0.00,0,,0.5,8.1,7.5,13.5125,9.44,15.5 ,18.5
2014-04-24,0,0,0.00,1.524,,2.3,12.5,6.8,9.2335,15.14,16.6 ,18
2014-04-25,0,4,0.00,5.08,,1.5,14.5,8.5,11.4535,16.91333333,16.9 ,18
2014-04-26,0,0,0.00,0,,9.9,16.4,9.5,11.6525,16.34,17.2 ,20
2014-04-27,0,0,0.00,11.76866667,4.9 ,0.8,17.9,6,7.3275,15.77666667,15.7 ,16.5
2014-04-28,0,13.7,0.00,22.52133333,9.0 ,0.5,10.3,8.5,8.372,16.08,14.0 ,17.5
2014-04-29,0,18.1,0.00,2.201333333,0.8 ,0,9.6,12.8,5.8325,13.68666667,14.7 ,18
2014-04-30,0,0,0.00,0,,,12.8,11.3,6.1715,8.53,15.6 ,21
2014-05-01,1,0,0.00,0,,,14.2,9.3,8.762,7.771333333,16.9 ,23.5
2014-05-02,0,1,0.00,0,0.7 ,,12.9,10.5,11.539,9.2,15.7 ,23.5
2014-05-03,0,1.1,0.00,0,0.0 ,,13.2,12,16.2035,14.26666667,15.0 ,21
2014-05-04,0,0,0.00,0,1.0 ,25.1,11.7,12,17.6045,13.96666667,11.8 ,17
2014-05-05,1,0,0.00,0,0.0 ,0,12.4,8,14.1775,15.24333333,10.5 ,15.5
2014-05-06,0,5,0.00,0,0.0 ,,11.9,9.8,14.8685,17.95,11.6 ,19
2014-05-07,0,1.5,16.76,0,0.1 ,,12.5,10.5,9.5075,23.34666667,14.3 ,22
2014-05-08,0,0,5.59,0.254,11.7 ,,14.5,17.5,6.124,24.35666667,15.5 ,24
2014-05-09,0,4.6,0.25,3.302,,1,12.6,18,9.0985,19.83333333,15.6 ,20.5
2014-05-10,0,0,2.54,0,,3.8,11.8,14.5,9.4555,18.35666667,18.2 ,22.5
2014-05-11,0,0.3,32.51,11.684,30.5 ,15,15.5,16.5,3.7805,20.93666667,16.5 ,21.5
2014-05-12,0,17.4,2.29,1.651,11.8 ,0,18.2,17.8,1.887,23.79333333,17.1 ,22
2014-05-13,0,1.6,0.00,4.148666667,,75.2,15,19.8,4.011,15.53333333,19.9 ,25
2014-05-14,0,18.2,0.00,11.85333333,,0.5,16.7,14.5,7.1785,9.746666667,21.3 ,22
2014-05-15,0.5,8.3,0.00,6.858,0.4 ,0.5,14.6,12.5,11.817,9.11,19.2 ,22.5
2014-05-16,38.5,11.8,0.00,0.254,,24.4,10.3,7.5,10.0135,7.718666667,18.4 ,23
2014-05-17,7.5,0,0.76,0,,2.5,7,9.3,11.9705,9.113333333,19.2 ,20.5
2014-05-18,2.5,0.3,0.00,0,,0.5,8.5,11.3,15.5235,12.14666667,19.6 ,19.5
2014-05-19,0,0,0.00,0,,6.6,12.3,14.3,16.3705,15.55,20.2 ,22
2014-05-20,0,3.2,0.00,0,,,14.9,16.3,17.23,22.36333333,20.7 ,23
2014-05-21,6.5,0.3,2.03,25.23066667,0.0 ,0.5,15.7,19,16.67,22.99333333,21.4 ,25
2014-05-22,0,,1.27,0,,1.3,14.1,,15.24,19.37666667,21.1 ,21
2014-05-23,0,,9.91,0,,0.3,11.3,,14.24,18.00333333,21.9 ,23.5
2014-05-24,0,0,0.25,0,,0,12.7,15.3,14.68,18.22,22.7 ,26
2014-05-25,0,0,0.00,0,8.6 ,3.6,11.4,18.8,15.865,21.06333333,21.1 ,26
2014-05-26,2,0,0.00,0,1.8 ,,12.1,21,16.535,23.68,20.7 ,25.5
2014-05-27,0.5,18,0.00,6.434666667,,,16.2,22.5,18.72,23.92666667,21.6 ,26.5
2014-05-28,0,6,0.00,0,,,18.9,17.5,20.38,22.42333333,23.1 ,29
2014-05-29,0,0,0.00,14.732,,,20.8,16.8,19.89,21.15666667,24.0 ,29
2014-05-30,0,0,2.79,0,,,18.9,16,15.1,23.07333333,23.8 ,25.5
2014-05-31,0,0,1.78,0,,0.8,20,19,16.61,23.63,25.8 ,24
2014-06-01,0,0,0.00,11.303,,7.9,17.9,20.5,19.2,23.16333333,24.8 ,25
2014-06-02,0,0.3,0.00,1.524,0.0 ,,21.5,22,17.61,23.22333333,23.0 ,25.5
2014-06-03,0,2.6,0.00,0,2.6 ,,23.9,24.3,21.23,25.44666667,20.2 ,23
2014-06-04,0,0,0.00,17.018,0.0 ,,23.9,17,18.435,19.325,22.1 ,24
2014-06-05,0,0,0.00,0,,,21.8,17.3,16.675,19.21,21.8 ,24.5
2014-06-06,0,0,0.00,0,,,18.8,16,18.705,21.09,24.1 ,26
2014-06-07,0,0,0.00,11.811,2.3 ,,18,19.8,13.225,20.955,23.5 ,27
2014-06-08,9.5,3.2,5.08,0.762,0.0 ,,18.1,20,15.32,18.9,22.8 ,27
2014-06-09,5.5,0,0.00,0,,,19.7,19.5,14.6675,20.9,23.7 ,27
2014-06-10,3,6.2,0.00,27.813,0.1 ,,19.6,19.8,16.634,18.38,22.8 ,25
2014-06-11,10.5,2,0.00,1.397,1.4 ,,18.7,21.8,18.59,19.23333333,20.8 ,24.5
2014-06-12,4.5,0,0.51,0.254,,,17.9,21.5,15.51,20.69666667,21.8 ,24.5
2014-06-13,41,0,0.00,0,0.0 ,,15.7,20.3,19.286,17.87,21.1 ,26.5
2014-06-14,3.5,0,0.00,0,,,15,16,15.8135,17.91333333,23.6 ,27.5
2014-06-15,10.5,0,0.00,0,,,16.2,20.5,14.011,22.19666667,24.0 ,29
2014-06-16,6.5,0,0.00,0,,37.1,15.7,23.8,18.154,25.12333333,24.6 ,28.5
2014-06-17,3,5.2,0.00,0,8.3 ,8.9,17,26.3,19.91,26.41666667,23.4 ,24.5
2014-06-18,1.5,32.4,4.57,0,,8.6,16.9,23,16.88,25.55666667,23.5 ,26
2014-06-19,0,0,0.00,17.526,,15.5,15.6,22,17.625,26.17666667,23.0 ,27
2014-06-20,0,17.5,0.00,2.159,0.1 ,11.9,14.9,18.5,18.59,24.07333333,23.5 ,24.5
2014-06-21,0,1,0.00,3.048,5.4 ,38.6,15.3,18.8,20.925,23.20666667,22.3 ,24
2014-06-22,0,0,10.16,0,21.6 ,3,16.6,21.8,18.32,23.24,,22
2014-06-23,0,1.8,1.02,32.766,6.8 ,1.8,16.6,22.3,16.07,24.24,21.5 ,22
2014-06-24,0,2.4,17.78,23.876,12.0 ,0.3,17.3,23.5,18.015,22.3,21.8 ,22
2014-06-25,0,0,0.00,0,,7.9,20,22.8,20.335,23.44333333,23.9 ,23
2014-06-26,0,0,0.00,0,,20.6,21.3,20.3,20.995,22.85666667,25.1 ,24.5
2014-06-27,0,0,0.00,0,,4.8,22.6,21.8,18.27,23.65333333,25.0 ,22.5
2014-06-28,0,0,0.00,0,0.0 ,0.5,21.9,25,19.52,24.23333333,23.7 ,23.5
2014-06-29,0,10.2,0.00,0,,0.3,21.8,24.5,20.79,24.12333333,23.6 ,23
2014-06-30,0,2,0.00,35.433,3.4 ,21.1,21.2,26,21.3,24.57333333,24.1 ,23.5
2014-07-01,0,0,0.00,17.018,,0.5,21.2,24.5,16.83,22.91,25.6 ,25
2014-07-02,0,0,0.00,0,30.1 ,1,21.4,24.8,17.93,18.37,,26.5
2014-07-03,0,0,0.00,0,9.0 ,,21.6,18.3,20.045,18.25666667,21.7 ,27.5
2014-07-04,0,0,0.00,0,,5.6,22.3,17.3,23.525,19.06,25.0 ,27
2014-07-05,0,0,0.00,2.286,,18.8,20.2,19.3,22.975,20.22,25.1 ,30
2014-07-06,0,0,0.00,1.143,,,19.8,23.8,23.87,23.30333333,25.0 ,27
2014-07-07,0,,4.06,0,,,21.8,,25.205,24.89,25.8 ,27.5
2014-07-08,0,,0.00,3.302,0.0 ,,21.9,,21.025,22.24666667,25.8 ,27.5
2014-07-09,5,0,0.00,0,9.6 ,,21.3,20.5,20.825,20.75333333,26.1 ,29
2014-07-10,4,4.6,0.00,0,,,20.3,20.3,22.92,19.68666667,27.7 ,30
2014-07-11,0,0,4.06,0,,,21,21.5,,21.35666667,26.8 ,31.5
2014-07-12,0.5,1.6,1.02,110.236,,15.5,19.7,24.5,21.095,23.40333333,25.8 ,29.5
2014-07-13,0,2.2,0.00,11.049,,0,22.5,25.5,21.08,24.19333333,26.3 ,25.5
2014-07-14,1.5,0,5.33,7.239,,4.3,24,24,20.095,21.44,26.2 ,27
2014-07-15,0,0,12.95,0,0.5 ,37.1,25.5,20.3,19.065,15.96,25.7 ,25.5
2014-07-16,0,0,9.14,0,,0.3,24.3,16.5,16.975,16.81333333,25.6 ,30
2014-07-17,0,0,0.00,0,0.0 ,,24.2,19,18.285,18.13,26.2 ,31
2014-07-18,0,,0.25,1.27,,,23.9,,20.3,19.13666667,27.3 ,31.5
2014-07-19,0,,0.00,0,4.8 ,,21.9,,23.145,18.77,26.9 ,31.5
2014-07-20,0,,2.29,0,,,21.9,,24.125,19.69666667,28.5 ,31.5
2014-07-21,0,,0.00,0,,,22.9,,23.99,21.70666667,28.1 ,31.5
2014-07-22,1.5,,0.00,0,7.1 ,,22.6,,23.74,23.51,26.1 ,31.5
2014-07-23,8,0,0.00,0,16.3 ,1.5,22.9,20.5,23.18,20.97,25.0 ,30.5
2014-07-24,0,0,0.00,0,16.6 ,10.9,25.7,19,24.16,18.14,23.0 ,29
2014-07-25,0,0,0.00,1.100666667,20.4 ,1.5,25,19,22.415,17.53666667,25.5 ,28.5
2014-07-26,19,0,0.00,17.35666667,2.2 ,41.1,21.4,22.5,20.64,22.53,23.1 ,29.5
2014-07-27,33.5,45,0.00,15.66333333,0.6 ,14,21.5,23,21.35,22.90333333,24.5 ,30
2014-07-28,3.5,0,2.79,0,,,20.6,18,21.605,17.69333333,25.1 ,29.5
2014-07-29,0,11,15.75,0,0.1 ,,23.9,17,20.47,18.19,25.8 ,31
2014-07-30,0,18.5,10.16,0,,,24.9,18.5,15.19,19.58333333,27.0 ,31.5
2014-07-31,0,1,1.02,0,0.0 ,26.9,26.1,18.8,18.965,20.18,27.5 ,30
2014-08-01,0,,0.25,0,,7.6,25.4,,18.525,19.98333333,28.2 ,26.5
2014-08-02,0,,0.00,0,0.8 ,6.6,25.1,,19.085,20.42333333,28.8 ,28
2014-08-03,0,12,0.00,0,3.2 ,0,25.8,20.8,20.57,21.41333333,26.5 ,30
2014-08-04,0,0,0.00,0,1.3 ,,27,22.3,21.4,22.01,26.5 ,31.5
2014-08-05,21,0.4,0.00,7.239,0.4 ,2.8,24.9,21.5,21.755,22.53666667,27.8 ,32
2014-08-06,17,0,0.00,0,2.1 ,0,23.3,21,21.52,20.87666667,25.2 ,31.5
2014-08-07,15.5,0,0.00,0,3.1 ,1,22.4,20.3,20.08,19.84333333,24.9 ,30.5
2014-08-08,18.5,0,0.00,0.508,,,22.6,21.3,19.44,19.73666667,24.4 ,28.5
2014-08-09,0,0,8.13,0,,,23.3,20.8,21.845,21.43333333,24.5 ,29.5
2014-08-10,16.5,0,0.00,0,20.9 ,,21.7,22.5,19.455,21.82333333,23.5 ,28.5
2014-08-11,61.5,27.5,0.00,5.08,,2,23.5,21.8,19.775,21.89666667,23.1 ,26.5
2014-08-12,0,16.4,0.00,0,,3.8,23.9,21,20.925,18.38666667,24.6 ,26
2014-08-13,0,0,0.00,0,0.0 ,2.5,23.3,19,21.905,19.69,23.1 ,27
2014-08-14,0,0,2.79,0,1.7 ,3.8,21.7,16.5,22.245,19.96333333,21.4 ,26
2014-08-15,0,0,0.25,0,,1,20.9,16,22.01,17.24333333,24.8 ,25.5
2014-08-16,0,5,0.00,0,,36.6,22,19.3,22.655,20.73666667,26.2 ,25.5
2014-08-17,0,1,0.00,0,2.7 ,2.8,22.3,20.5,22.96,21.37,22.3 ,25
2014-08-18,0,,0.00,0,15.6 ,53.3,22.1,,21.485,21.50666667,21.3 ,23.5
2014-08-19,41,,0.00,0,21.1 ,30.7,20.6,,20.435,22.67666667,21.3 ,22.5
2014-08-20,0,0.1,0.00,3.556,,19.8,22,22.5,23.665,21.46,24.0 ,23
2014-08-21,0,3,0.51,0,95.8 ,4.1,22.7,22.5,20.69,25.59,22.0 ,27
2014-08-22,17,,2.79,2.667,,0,21.1,,18.775,24.41666667,23.8 ,28.5
2014-08-23,5.5,,2.54,2.921,0.0 ,,23.8,,18.15,23.33333333,24.7 ,29.5
2014-08-24,0,0,0.00,0,0.0 ,,24,22,17.1225,25.17333333,24.6 ,30
2014-08-25,4,0,0.00,6.477,0.0 ,0.5,19.3,24,18.285,25.42333333,24.6 ,27.5
2014-08-26,0,20,0.00,0,1.2 ,16.8,17.9,25.5,18.215,24.38333333,23.1 ,27
2014-08-27,0,0,0.00,0,,,18.6,21.3,18.69,23.28666667,22.5 ,27.5
2014-08-28,0,0,0.00,1.905,,11.2,20,17.5,13.475,22.46666667,22.4 ,28
2014-08-29,0,0,2.03,4.318,,,20.6,19.5,17.6285,24.23,23.2 ,26.5
2014-08-30,0,,0.25,0,,0,21.1,,18.91,24.12333333,22.8 ,27.5
2014-08-31,0,,6.86,1.397,,0.3,20.9,,17.855,24.06333333,21.6 ,28
2014-09-01,0,0,0.00,5.461,,6.4,21.1,25,16.9515,23.41333333,22.9 ,27.5
2014-09-02,0,7.2,0.00,2.286,2.0 ,5.8,21.8,22.5,17.3635,21.57333333,22.1 ,28
2014-09-03,0,0,0.00,0,73.6 ,21.3,21.6,21.5,21.2,22.25,19.3 ,23.5
2014-09-04,12,0,0.00,0,0.3 ,13.7,18.7,25.5,17.54,24.11666667,22.4 ,25.5
2014-09-05,1.5,18.4,1.78,10.32933333,,0,22.3,26.8,12.03,25.5,22.0 ,26.5
2014-09-06,0,1.2,0.00,0.254,,1.3,23,20,14.832,17.82666667,23.6 ,27.5
2014-09-07,0.5,0,0.00,0,,0,20.2,18.3,18.79,16.94333333,23.2 ,28
2014-09-08,0,0,0.00,0,,,20.3,18.8,18.695,18.07,22.7 ,27.5
2014-09-09,0,0,2.79,16.891,,0.3,21,21.5,17.22,17.91,22.0 ,27.5
2014-09-10,2,39.2,3.30,15.24,,0.5,19.8,22,15.17,21.56333333,20.9 ,26.5
2014-09-11,69.5,1,1.27,0,,,18.6,16,5.993,12.89,21.2 ,25.5
2014-09-12,3,4,0.00,0,,21.6,18.6,13.5,3.715,11.82333333,20.3 ,27.5
2014-09-13,0,0,0.00,0,,2.8,18.4,13,11.323,9.746666667,21.4 ,24.5
2014-09-14,0,0,0.00,0,,,15.7,12,16.2415,12.09,20.6 ,24.5
2014-09-15,0,2.6,0.00,13.843,,0,17.3,13.5,12.9955,12.42333333,21.3 ,26
2014-09-16,2,0,0.00,0,,,17.4,14.5,18.8665,13.53333333,19.6 ,25.5
2014-09-17,2,,0.00,0,,,15,,20.71,13.50333333,19.1 ,27.5
2014-09-18,7,,0.00,0,,32.5,14.8,,20.4,15.33333333,18.2 ,22
2014-09-19,22.5,0,0.00,0,,22.1,15.4,12.3,19.86,16.23,18.0 ,18
2014-09-20,12.5,5.4,0.00,22.86,,13.2,15.4,19.5,19.52,19.40333333,18.5 ,22
2014-09-21,0,0,0.00,0,,0.5,16.4,19,16.745,17.34666667,16.8 ,22
2014-09-22,0.5,0,1.27,0,,34.3,16.5,12,17.455,13.3,18.9 ,22.5
2014-09-23,0,0,0.00,0,,8.1,17.6,13,18.895,14.49333333,20.1 ,23.5
2014-09-24,0,0,0.00,0,4.9 ,2.5,18.1,16.5,18.505,15.78,18.4 ,24.5
2014-09-25,0.5,0,0.00,0,,0,18.3,19,19.675,16.84666667,20.0 ,24.5
2014-09-26,0,0,0.00,0,,0,16,17.5,19.64,18.98666667,19.5 ,25
2014-09-27,0,0,0.00,0,,,15.5,18,19.52,19.64666667,21.1 ,26.5
2014-09-28,0,0,0.00,0,0.8 ,,18.7,17,17.945,19.27333333,20.2 ,27.5
2014-09-29,0,,12.70,0,7.1 ,11.4,15.2,,13.885,19.60333333,19.3 ,26
2014-09-30,10.5,,0.00,0,,1.5,13,,12.402,15.72666667,17.0 ,20
2014-10-01,4.5,0,7.62,0,,1.3,12.2,15,11.083,18.29333333,16.6 ,20
2014-10-02,0,1.9,0.00,23.241,15.3 ,0,13.7,16,8.888,19.88333333,17.0 ,23
2014-10-03,28,10.6,0.00,9.906,,,13.4,18.8,6.9045,12.66,16.8 ,21.5
2014-10-04,11,1.2,0.00,0,,,13,7.5,10.866,6.289333333,14.9 ,21.5
2014-10-05,0,0,0.00,0,,,13.2,10,12.9105,9.056666667,14.3 ,21
2014-10-06,0,5,0.00,1.397,,,10.8,12.5,14.1595,12.10333333,13.9 ,19.5
2014-10-07,0,0,0.00,0.635,,,11,13,15.009,14.21666667,13.8 ,19
2014-10-08,0,0,0.00,0,,,12.7,12.8,14.2475,12.05666667,14.2 ,20
2014-10-09,0,0,27.18,1.651,,,14.3,11,12.19,12.05333333,15.4 ,21.5
2014-10-10,7.5,0,0.00,0,,,12.6,9.5,9.256,10.53333333,15.5 ,21
2014-10-11,0,0,0.00,0,,0.3,12.2,9,11.3845,8.89,17.0 ,22.5
2014-10-12,0,2,0.25,4.572,,,12.1,9.8,10.7025,10.51333333,17.6 ,19.5
2014-10-13,0,4.7,0.00,5.842,,,12.2,15.3,8.766,18.01333333,15.0 ,16
2014-10-14,11,12,0.00,1.397,,,8.5,18,12.358,14.83666667,11.1 ,16
2014-10-15,0,,0.00,3.429,,,9.9,,11.4595,11.66,10.6 ,17.5
2014-10-16,19.5,,0.00,0,2.4 ,,10.9,,13.1795,12.3,10.8 ,19.5
2014-10-17,28,0,0.00,0,,,11.4,14.3,8.4955,12.82333333,9.7 ,20.5
2014-10-18,0,0,0.00,0,,,10.9,7.8,9.2935,9.766666667,11.8 ,21.5
2014-10-19,0,,0.00,0,,,11.9,,14.9555,7.856666667,13.4 ,22.5
2014-10-20,0.5,,0.00,0,21.8 ,,15.6,,13.196,13.42,14.2 ,25
2014-10-21,0,,0.51,0,19.0 ,0,10.5,,13.893,10.26333333,13.3 ,22.5
2014-10-22,0,,0.00,0,,,6.2,,12.35,7.698333333,11.8 ,18
2014-10-23,0,,0.00,0.762,,,6.8,,11.969,8.333,9.9 ,18
2014-10-24,0,0,0.00,0.508,,,10.1,10,15.3975,12.83,12.0 ,20
2014-10-25,0,0,0.00,0,,,14.2,14.5,14.602,15.73,13.9 ,21.5
2014-10-26,0,0,0.25,0,1.9 ,,17.7,11.5,15.197,13.78,14.5 ,23
2014-10-27,6.5,1.1,0.00,0,,,9.4,12,4.669,19.56666667,11.0 ,18.5
2014-10-28,6.5,,0.00,9.228666667,,,4.9,,6.0815,13.17,7.5 ,18.5
2014-10-29,1,,0.00,0,,5.1,7.3,,8.2985,5.547666667,8.4 ,19
2014-10-30,0,0,0.00,1.524,,17.8,8.6,6.3,8.3795,5.898,10.4 ,21
2014-10-31,0,8.6,0.00,0,0.0 ,8.9,10.7,7.5,4.547,4.281,12.7 ,21.5
2014-11-01,0,0,0.00,0,,0.3,11.3,3.3,7.259,2.478333333,15.9 ,19.5
2014-11-02,2.5,0.3,0.00,0,0.3 ,,14.2,3,9.1375,4.028,11.9 ,14.5
2014-11-03,8,0,11.43,0,,,6.5,9.5,2.8175,11.48333333,6.6 ,12.5
2014-11-04,4.5,1.6,0.25,10.414,,,6.4,11.5,4.301,8.783333333,7.4 ,15
2014-11-05,0,4,0.00,0,,,10.9,8.8,8.3625,7.968666667,8.5 ,19.5
2014-11-06,0,,0.00,0,0.0 ,0,11.2,,7.16,6.177666667,10.8 ,17
2014-11-07,0.5,0.2,0.76,0,,3,4.2,3.5,11.2185,3.597,8.8 ,15.5
2014-11-08,0,0,0.00,0,,11.7,8.7,4.5,7.31,4.648,9.1 ,14
2014-11-09,0,0,0.00,0,,0,10.2,6,10.388,3.945333333,8.5 ,13.5
2014-11-10,11,,0.00,0,,0,9.1,,3.315,10.28666667,5.5 ,13.5
2014-11-11,0,0,0.00,1.693333333,,,7.8,11.8,-12.955,4.211,6.6 ,14.5
2014-11-12,7,,0.00,0,2.3 ,,9.3,,-18.105,-2.168666667,6.3 ,13
2014-11-13,11,0,0.00,0,,,4.6,1.3,-17.845,-4.513666667,0.1 ,11
2014-11-14,8.5,0,0.00,0,,,-0.4,-2,-10.397,-5.643,2.4 ,11.5
2014-11-15,4.5,0,0.00,0,,0.3,0.1,-2,-11.79,-3.665,2.2 ,16
2014-11-16,0,5,0.00,0,,,2.8,0,-10.494,-1.398666667,4.2 ,13.5
2014-11-17,0,0,0.00,0,0.0 ,,2.3,-1,-5.89,-7.471333333,4.6 ,11.5
2014-11-18,3,0,0.00,0,,,1.9,-7,-1.925,-10.3,1.9 ,10.5
2014-11-19,0.5,,0.00,0,,,3.8,,-0.13,-3.151333333,1.6 ,12
2014-11-20,0,0,0.00,0,,,3.7,-3.5,0.925,-4.598666667,3.3 ,15.5
2014-11-21,0.5,0,0.00,0,,,6.4,-5.5,4.235,-3.688333333,8.6 ,17
2014-11-22,0.5,3,0.00,0,7.2 ,,8.7,1.5,2.196,7.663666667,9.6 ,18
2014-11-23,0,18,0.00,0,,,3.8,7.5,1.0175,9.846666667,8.0 ,20
2014-11-24,1.5,3.6,0.00,0,0.0 ,7.1,4.4,7.5,-2.1645,3.455,7.0 ,18.5
2014-11-25,0,0,0.00,0,,10.2,3.7,0.3,-0.035,-2.608333333,8.4 ,11.5
2014-11-26,0,0,0.00,0,,5.1,2.9,-0.5,-1.865,-3.617666667,7.8 ,13.5
2014-11-27,0,0,0.00,0,,1.8,5.5,0,4.695,-4.844,6.1 ,17.5
2014-11-28,0,0,0.00,0,14.3 ,6.4,6.4,-3,11.3875,-2.013333333,5.9 ,16
2014-11-29,0,0,0.00,0,,7.6,6.4,2,11.198,6.797666667,8.1 ,17
2014-11-30,0.5,0,0.00,0,4.5 ,15.5,5.3,8.8,2.79,8.756666667,7.3 ,10.5
2014-12-01,8,,0.00,0,0.1 ,15,8.8,,-3.705,-3.392,-0.1 ,6
2014-12-02,1,,0.00,0,,0,0.1,,4.1365,-1.716666667,-5.6 ,5.5
2014-12-03,0,0,0.00,0,0.3 ,4.8,-1.3,1,-0.511,-0.134666667,-2.7 ,6.5
2014-12-04,0,0,0.00,0,,,-1.4,-0.8,2.533,-1.014666667,-4.2 ,4
2014-12-05,0,,0.00,0,,,-2.4,,5.8605,2.634333333,-6.0 ,3.5
2014-12-06,0,0,0.00,0,,,-3.5,2.8,0.526,2.093333333,-6.6 ,6
2014-12-07,6,0,0.00,0,,,-1.9,-0.8,4.0485,-0.593,-5.7 ,9
2014-12-08,0,0,0.00,0,,,-1.6,1.8,3.661,2.039333333,-2.7 ,7.5
2014-12-09,2.5,1,0.00,0,,,-2,3.5,2.368,1.201333333,-5.0 ,9
2014-12-10,0,,0.00,0,0.4 ,1,-0.9,,4.337,0.714666667,-2.1 ,9
2014-12-11,3,,0.00,0,0.2 ,,1.6,,5.149,-1.676,-1.1 ,5.5
2014-12-12,0,,0.00,0,0.1 ,,-1.8,,5.674,-0.315666667,-4.5 ,3
2014-12-13,2,0,0.00,0,,,-4.8,2,5.66,5.344,-5.6 ,4.5
2014-12-14,0.5,0,0.00,0,,,-4.8,5.5,3.098,7.237,-5.8 ,7.5
2014-12-15,25.5,0,0.00,0,10.1 ,,-3.7,5.3,-0.493,6.703666667,-2.4 ,6.5
2014-12-16,34.5,3.6,0.00,0,1.4 ,,-1.2,5.5,-5.102,2.472,-4.2 ,2.5
2014-12-17,1,0,0.00,0,,,-0.6,-2.8,-2.82,-4.410333333,-10.2 ,3
2014-12-18,1,0,0.00,0,,,1,-0.5,-1.068,-3.259333333,-13.4 ,5.5
2014-12-19,4.5,0,0.00,0,0.0 ,,-0.2,-1,-1.338,-3.488,-9.2 ,5.5
2014-12-20,1,0,0.00,0,3.7 ,,3.7,-3.3,0.6,-1.488333333,-3.3 ,4.5
2014-12-21,0,0,0.00,0,,,-2.5,-0.3,2.7755,0.539666667,-9.5 ,3
2014-12-22,6.5,0,0.00,0,0.5 ,,-6.5,1,1.0465,3.553,-9.6 ,3
2014-12-23,0,0,0.00,0,,,-3.3,5.5,-4.7185,7.224,-7.5 ,8
2014-12-24,12,0,0.00,0,0.3 ,,-2.4,7.5,-4.5035,3.19,0.0 ,8.5
2014-12-25,3.5,0,1.02,0,,,-5,3,-2.0635,3.266666667,-5.6 ,7
2014-12-26,6,0,1.27,0,,,-4.4,3.3,-8.5695,5.747666667,-7.8 ,6.5
2014-12-27,1.5,0,0.25,0,,,-2,4.5,-13.7665,4.890333333,-7.0 ,9
2014-12-28,0,0,0.00,0,,,1.2,2.8,-10.3625,-2.350333333,-5.8 ,7.5
2014-12-29,1,,0.00,0,,,1.7,,-11.2895,-2.189,-2.9 ,8.5
2014-12-30,1,0,0.00,0,,,0.2,-5.5,-22.24,-6.271666667,-0.9 ,11
2014-12-31,6,0,,,,,-1.2,-7.3,,,-2.3 ,5.5
2015-01-01,0,,,,,,-4,,,,-7.8 ,1
2015-01-02,7.5,,,,,,-5.5,,,,-7.7 ,4
2015-01-03,0,,,,,,-5,,,,-6.6 ,9
2015-01-04,0,,,,0.0 ,,-2.7,,,,-0.4 ,13
2015-01-05,0,,,,0.2 ,,-2.4,,,,0.0 ,14
2015-01-06,6,,,,1.6 ,5.3,1.1,,,,-1.6 ,6.5
2015-01-07,15.5,,,,,,-3.4,,,,-7.6 ,3.5
2015-01-08,17,,,,,,0.7,,,,-7.5 ,3.5
2015-01-09,14,,,,,,0.7,,,,-5.6 ,6.5
2015-01-10,4,,,,,,-0.9,,,,-2.6 ,8
2015-01-11,9.5,,,,0.4 ,,0.2,,,,0.3 ,9
2015-01-12,4.5,,,,,,1,,,,-4.7 ,8.5
2015-01-13,1,,,,,31.2,-0.1,,,,-4.6 ,7.5
2015-01-14,0,,,,,2.8,-1.1,,,,-0.8 ,6.5
2015-01-15,0.5,,,,,0,-0.4,,,,0.3 ,7.5
2015-01-16,3,,,,1.4 ,0,-1.3,,,,-1.2 ,6.5
2015-01-17,22,,,,,,-3.9,,,,-3.7 ,5
2015-01-18,4,,,,5.7 ,,-4.9,,,,-4.4 ,8
2015-01-19,0.5,,,,0.5 ,,-3,,,,0.2 ,7
2015-01-20,18,,,,,3.8,-3.8,,,,-4.2 ,10
2015-01-21,0,,,,,,-2.2,,,,-1.2 ,9.5
2015-01-22,1.5,,,,,,0.1,,,,1.1 ,5
2015-01-23,9,,,,,,0.2,,,,-1.2 ,8.5
2015-01-24,3,,,,,0,-0.6,,,,0.5 ,14
2015-01-25,0.5,,,,6.1 ,,-1.1,,,,0.1 ,14
2015-01-26,0,,,,2.3 ,1.5,1.9,,,,2.0 ,9.5
2015-01-27,2.5,,,,,1.5,0.9,,,,-0.7 ,5
2015-01-28,0,,,,,7.9,-4.9,,,,-3.4 ,3.5
2015-01-29,0,,,,,12.7,-2.9,,,,-3.1 ,4
2015-01-30,0,,,,,11.2,-0.4,,,,-2.7 ,2.5
2015-01-31,0,,,,,0,-0.3,,,,-4.8 ,3.5
2015-02-01,7.5,,,,,1.5,-1.7,,,,-4.4 ,4
2015-02-02,6.5,,,,,0.8,-2.1,,,,-3.3 ,5.5
2015-02-03,0,,,,,0,-4.4,,,,-2.2 ,5.5
2015-02-04,0,,,,,,-5.9,,,,-2.1 ,4
2015-02-05,0,,,,0.0 ,,-5.2,,,,-1.2 ,2.5
2015-02-06,0,,,,,,-4.1,,,,-1.3 ,4.5
2015-02-07,0,,,,0.4 ,,0.2,,,,0.0 ,8
2015-02-08,6.5,,,,,,2.4,,,,-7.6 ,2.5
2015-02-09,1,,,,0.0 ,,-4.9,,,,-6.9 ,2.5
2015-02-10,1,,,,0.0 ,,-6.7,,,,-1.1 ,6
2015-02-11,0,,,,,,-2.7,,,,1.2 ,10
2015-02-12,0.5,,,,,,-1.5,,,,-2.6 ,10
2015-02-13,8,,,,,,-2.7,,,,-3.1 ,12
2015-02-14,3.5,,,,0.3 ,0,-0.9,,,,-2.8 ,17
2015-02-15,5.5,,,,,0.3,0.6,,,,4.7 ,15.5
2015-02-16,0,,,,13.6 ,0,1.8,,,,3.2 ,13
2015-02-17,0,,,,0.7 ,0,1.9,,,,2.1 ,10
2015-02-18,0,,,,0.0 ,,1.7,,,,0.9 ,8
2015-02-19,0,,,,0.0 ,0.8,0.8,,,,0.9 ,10
2015-02-20,0,,,,,12.7,0.3,,,,1.7 ,13
2015-02-21,0,,,,8.8 ,0.8,-0.1,,,,3.0 ,9.5
2015-02-22,1,,,,2.1 ,8.6,1.8,,,,4.2 ,9.5
2015-02-23,2,,,,,1.8,4.3,,,,1.4 ,7.5
2015-02-24,1,,,,,1.8,0.7,,,,1.2 ,10
2015-02-25,0.5,,,,0.4 ,24.4,-0.3,,,,3.9 ,10
2015-02-26,1.5,,,,1.0 ,19.6,0.6,,,,2.0 ,8
2015-02-27,10.5,,,,,40.6,2.3,,,,-1.4 ,6
2015-02-28,3,,,,,33,0.3,,,,1.2 ,5.5
2015-03-01,2,,,,0.0 ,30.2,-0.3,,,,3.0 ,6
2015-03-02,8,,,,,2.5,1.5,,,,1.9 ,11.5
2015-03-03,0,,,,3.7 ,0.3,2.3,,,,2.0 ,9.5
2015-03-04,6,,,,,0,1,,,,-1.4 ,4.5
2015-03-05,5,,,,,11.4,0.8,,,,-1.9 ,3.5
2015-03-06,1,,,,,9.9,1.4,,,,0.9 ,6
2015-03-07,3,,,,,0.8,1.5,,,,2.7 ,8
2015-03-08,0.5,,,,,14.5,3.2,,,,5.6 ,8
2015-03-09,6.5,,,,,,4.7,,,,3.4 ,7.5
2015-03-10,69.5,,,,,0,3.6,,,,-2.6 ,5.5
2015-03-11,2,,,,0.0 ,,0.5,,,,-0.3 ,9.5
2015-03-12,0.5,,,,0.0 ,,0.8,,,,1.9 ,12
2015-03-13,11.5,,,,0.0 ,,0.9,,,,4.2 ,16.5
2015-03-14,2.5,,,,,5.1,2.2,,,,3.4 ,15
2015-03-15,0,,,,,7.6,2.9,,,,4.6 ,13
2015-03-16,0,,,,,,6,,,,6.7 ,16.5
2015-03-17,0,,,,,43.2,6.7,,,,8.2 ,22
2015-03-18,0,,,,1.8 ,15.5,5.3,,,,8.9 ,19.5
2015-03-19,0,,,,,0.3,4.7,,,,12.0 ,14.5
2015-03-20,0.5,,,,,12.7,3.9,,,,12.0 ,13
2015-03-21,0,,,,,11.7,5,,,,10.5 ,12.5
2015-03-22,0,,,,,0,5.4,,,,7.8 ,14.5
2015-03-23,0,,,,,,2.1,,,,4.0 ,12.5
2015-03-24,1,,,,,,1.6,,,,4.4 ,11.5
2015-03-25,0.5,,,,,,2.8,,,,5.4 ,12.5
2015-03-26,0,,,,,18,5.4,,,,8.4 ,14
2015-03-27,0,,,,,0.3,8.3,,,,9.3 ,11.5
2015-03-28,0,,,,,0,10,,,,9.7 ,16.5
2015-03-29,0,,,,,13.2,8.6,,,,13.3 ,19.5
2015-03-30,0,,,,,12.4,8.5,,,,12.5 ,18.5
2015-03-31,5.5,,,,8.0 ,5.8,7.7,,,,11.4 ,23.5
2015-04-01,0,,,,3.3 ,0,5.4,,,,10.1 ,23.5
2015-04-02,0,,,,21.5 ,41.4,6.9,,,,12.8 ,27
2015-04-03,27.5,,,,12.9 ,5.3,6.4,,,,13.6 ,18.5
2015-04-04,0,,,,,12.2,7,,,,11.1 ,26.5
2015-04-05,0.5,,,,0.8 ,51.3,6.7,,,,9.2 ,20
2015-04-06,0,,,,,45.7,8.2,,,,11.3 ,12
2015-04-07,0,,,,0.0 ,23.9,2,,,,6.7 ,7.5
2015-04-08,0,,,,,20.8,2.2,,,,7.5 ,9
2015-04-09,0,,,,,0.3,4,,,,8.2 ,12
2015-04-10,0,,,,,,5.5,,,,10.2 ,13
2015-04-11,0,,,,,,8.4,,,,12.2 ,14.5
2015-04-12,0,,,,,4.3,7.9,,,,12.1 ,16
2015-04-13,0,,,,3.6 ,,6.8,,,,10.5 ,12
2015-04-14,0,,,,28.8 ,,10.8,,,,5.7 ,13.5
2015-04-15,37,,,,5.9 ,,8.7,,,,9.7 ,19
2015-04-16,1.5,,,,6.6 ,,5.9,,,,8.3 ,18.5
2015-04-17,0,,,,,,6,,,,10.0 ,22.5
2015-04-18,0,,,,,0.5,9,,,,13.3 ,25
2015-04-19,1,,,,14.4 ,23.4,7.3,,,,13.7 ,19.5
2015-04-20,18,,,,8.7 ,1.3,6.6,,,,11.0 ,11
2015-04-21,3.5,,,,,0.5,7.9,,,,11.9 ,15
2015-04-22,0,,,,,0,11.1,,,,12.8 ,18.5
2015-04-23,0,,,,,,12.9,,,,14.0 ,20
2015-04-24,1,,,,,,11.4,,,,16.6 ,18.5
2015-04-25,0,,,,,,11.6,,,,15.4 ,21.5
2015-04-26,0,,,,,,15.7,,,,17.7 ,22
2015-04-27,0,,,,,,15.2,,,,18.6 ,22
2015-04-28,0,,,,,0.5,12.7,,,,17.9 ,25
2015-04-29,0,,,,0.2 ,,14.7,,,,17.1 ,22.5
2015-04-30,0,,,,,,16.1,,,,21.0 ,20.5
2015-05-01,0,,,,,,13.7,,,,21.9 ,24
2015-05-02,0,,,,1.2 ,19.8,16,,,,21.1 ,21.5
2015-05-03,0,,,,4.1 ,,17.1,,,,18.3 ,21.5
2015-05-04,4,,,,,0.3,15,,,,17.0 ,21
2015-05-05,0,,,,,0.5,15.3,,,,14.0 ,20.5
2015-05-06,0,,,,,,15.8,,,,13.9 ,19
2015-05-07,0,,,,,,14,,,,16.4 ,23.5
2015-05-08,0,,,,,13.2,12.4,,,,16.6 ,21.5
2015-05-09,0,,,,,1,9.8,,,,18.9 ,20.5
2015-05-10,1.5,,,,,1.8,10.3,,,,18.3 ,23.5
2015-05-11,0,,,,18.1 ,7.6,15.3,,,,17.6 ,20
2015-05-12,4,,,,10.0 ,6.1,13.6,,,,14.7 ,21
2015-05-13,12,,,,,1.8,13.7,,,,18.9 ,27
2015-05-14,2.5,,,,,3.6,9.7,,,,20.6 ,22
2015-05-15,0,,,,,12.2,9.6,,,,21.6 ,22.5
2015-05-16,0,,,,,0,10.4,,,,18.5 ,18
2015-05-17,0.5,,,,,,11.6,,,,17.2 ,23.5
2015-05-18,0,,,,,24.9,14.9,,,,16.7 ,23
2015-05-19,1,,,,0.7 ,24.9,13.4,,,,17.6 ,24.5
2015-05-20,2.5,,,,,0,12.5,,,,16.0 ,20.5
2015-05-21,0.5,,,,,,11.4,,,,18.7 ,20.5
2015-05-22,0,,,,,,15.2,,,,20.4 ,23
2015-05-23,0,,,,,,17.8,,,,20.1 ,22
2015-05-24,0,,,,,,14.5,,,,21.2 ,22
2015-05-25,0,,,,,,14.7,,,,22.4 ,23.5
2015-05-26,0,,,,,,13.9,,,,22.9 ,24.5
2015-05-27,0,,,,,10.2,14.4,,,,22.3 ,25.5
2015-05-28,0,,,,,,15.7,,,,23.2 ,26
2015-05-29,0,,,,,15,20.2,,,,23.7 ,26.5
2015-05-30,0,,,,0.6 ,4.1,20.6,,,,20.3 ,22.5
2015-05-31,8.5,,,,,,17.9,,,,21.0 ,25
2015-06-01,0,,,,,,20.5,,,,21.7 ,28.5
2015-06-02,0,,,,,11.7,18.4,,,,23.3 ,27
2015-06-03,35.5,,,,,2.3,17.6,,,,22.3 ,20.5
2015-06-04,4,,,,,1.8,12.4,,,,22.6 ,23
2015-06-05,9,,,,0.1 ,0,10.4,,,,18.0 ,24
2015-06-06,0,,,,,,11.5,,,,20.4 ,26.5
2015-06-07,0,,,,,64,13,,,,23.2 ,25.5
2015-06-08,1,,,,,78,17,,,,22.0 ,21
2015-06-09,4.5,,,,,1,15.5,,,,23.2 ,21
2015-06-10,2,,,,,16.3,15.4,,,,25.4 ,24
2015-06-11,0,,,,0.7 ,11.9,13.9,,,,25.0 ,27
2015-06-12,0,,,,0.5 ,0,17.4,,,,24.9 ,27.5
2015-06-13,0,,,,9.0 ,,17.6,,,,22.5 ,25.5
2015-06-14,0,,,,1.4 ,1.3,17.9,,,,23.6 ,23
2015-06-15,0,,,,,9.7,17.7,,,,25.1 ,26
2015-06-16,0,,,,4.8 ,5.1,18,,,,24.5 ,27
2015-06-17,0,,,,,35.8,21,,,,24.2 ,26
2015-06-18,0,,,,,34.5,20.2,,,,24.0 ,21
2015-06-19,0,,,,0.0 ,2.5,19,,,,23.7 ,24.5
2015-06-20,0,,,,4.7 ,0,16.6,,,,20.0 ,27
2015-06-21,0,,,,,23.9,18.4,,,,22.6 ,23
2015-06-22,0,,,,,4.1,17.4,,,,25.2 ,24.5
2015-06-23,1,,,,1.4 ,44.2,16.7,,,,24.6 ,28
2015-06-24,3,,,,,,16.4,,,,25.2 ,30
2015-06-25,0,,,,0.8 ,,17.4,,,,25.1 ,31
2015-06-26,0,,,,22.5 ,0.3,19.6,,,,20.9 ,28
2015-06-27,0,,,,,1,17.8,,,,22.8 ,30
2015-06-28,2.5,,,,,0,15.1,,,,25.3 ,28
2015-06-29,0,,,,,0,15.5,,,,26.7 ,31
2015-06-30,4,,,,0.9 ,3.6,15.8,,,,24.5 ,30
2015-07-01,5.5,,,,6.1 ,49.5,17,,,,23.5 ,22
2015-07-02,1,,,,,11.4,18.6,,,,22.6 ,25.5
2015-07-03,0,,,,0.0 ,0,17.8,,,,21.4 ,25.5
2015-07-04,0,,,,,21.1,16.2,,,,23.1 ,21.5
2015-07-05,0,,,,0.3 ,54.6,18.1,,,,21.7 ,19
2015-07-06,0,,,,,34,19.1,,,,24.0 ,19.5
2015-07-07,3.5,,,,,3.6,16.7,,,,23.4 ,21
2015-07-08,0,,,,11.7 ,9.4,15.7,,,,21.7 ,23
2015-07-09,0,,,,,15,18.2,,,,25.4 ,24.5
2015-07-10,0,,,,,14.5,19.6,,,,27.4 ,24.5
2015-07-11,0,,,,0.0 ,48,22,,,,29.7 ,24.5
2015-07-12,0,,,,26.7 ,38.4,24.8,,,,25.3 ,28
2015-07-13,0,,,,4.5 ,0.8,23.8,,,,23.8 ,29
2015-07-14,1,,,,0.0 ,,25.5,,,,26.9 ,29
2015-07-15,0,,,,,,17,,,,25.9 ,28
2015-07-16,0,,,,,,16.9,,,,22.4 ,28
2015-07-17,0,,,,,28.2,21.3,,,,21.1 ,28.5
2015-07-18,14.5,,,,0.1 ,14.2,21.2,,,,23.1 ,29
2015-07-19,12.5,,,,7.7 ,1.5,21.5,,,,23.7 ,29
2015-07-20,0,,,,0.0 ,,22.2,,,,26.0 ,30
2015-07-21,17.5,,,,0.1 ,49.8,22.2,,,,26.1 ,27.5
2015-07-22,3,,,,3.5 ,1,23.6,,,,27.3 ,28
2015-07-23,0,,,,45.5 ,,23.9,,,,27.3 ,28.5
2015-07-24,0,,,,28.5 ,,23.1,,,,24.5 ,30
2015-07-25,3.5,,,,58.6 ,,23,,,,24.8 ,30.5
2015-07-26,2,,,,31.5 ,,23.1,,,,25.9 ,31.5
2015-07-27,0,,,,,,25.1,,,,26.8 ,32.5
2015-07-28,0,,,,,,25.1,,,,27.7 ,33
2015-07-29,0,,,,8.8 ,0.5,25,,,,25.6 ,32.5
2015-07-30,0,,,,,,25.4,,,,28.9 ,31.5
2015-07-31,0,,,,,,26.4,,,,28.2 ,31.5
2015-08-01,1,,,,11.0 ,,23.3,,,,26.6 ,32.5
2015-08-02,0,,,,16.5 ,,23.5,,,,26.5 ,33
2015-08-03,0,,,,,,23.9,,,,28.1 ,33
2015-08-04,0,,,,,,26.6,,,,27.6 ,33
2015-08-05,0,,,,0.0 ,,27.9,,,,27.9 ,32.5
2015-08-06,4.5,,,,,,24.7,,,,28.3 ,31.5
2015-08-07,72,,,,,4.8,23.7,,,,29.3 ,29.5
2015-08-08,0,,,,1.6 ,25.4,23.1,,,,27.0 ,28
2015-08-09,0,,,,,43.4,24,,,,26.8 ,28
2015-08-10,0,,,,,20.8,25.5,,,,26.8 ,27.5
2015-08-11,17.5,,,,0.6 ,7.6,24.1,,,,26.1 ,28
2015-08-12,0,,,,,1.5,23.6,,,,26.1 ,28
2015-08-13,0,,,,0.0 ,0.3,23.7,,,,25.1 ,27
2015-08-14,0,,,,,0.3,24,,,,25.6 ,27.5
2015-08-15,4.5,,,,,27.7,22.8,,,,27.1 ,28
2015-08-16,5,,,,7.1 ,10.7,23,,,,24.7 ,28
2015-08-17,0,,,,0.0 ,10.4,23.5,,,,25.5 ,27.5
2015-08-18,20,,,,,0,18.4,,,,26.5 ,28
2015-08-19,3,,,,,,19.4,,,,25.4 ,29
2015-08-20,1,,,,,86.1,20.5,,,,24.6 ,29.5
2015-08-21,0,,,,0.1 ,22.9,21.7,,,,25.1 ,26
2015-08-22,0,,,,,6.9,23.2,,,,24.8 ,26
2015-08-23,0,,,,,7.9,21,,,,25.6 ,25
2015-08-24,0,,,,0.0 ,1.3,20.5,,,,25.0 ,24
2015-08-25,0,,,,9.9 ,1,19.6,,,,21.6 ,25.5
2015-08-26,0,,,,0.0 ,0,19.4,,,,22.0 ,27
2015-08-27,3,,,,0.0 ,,19.9,,,,23.8 ,27
2015-08-28,0,,,,,2.3,19.6,,,,22.1 ,26.5
2015-08-29,0,,,,,0.3,19.8,,,,23.3 ,25
2015-08-30,0,,,,,,19.8,,,,23.9 ,27.5
2015-08-31,0,,,,,,21.8,,,,24.8 ,26.5
2015-09-01,0,,,,,,21.8,,,,24.1 ,27
2015-09-02,85,,,,2.8 ,,19.6,,,,22.6 ,27.5
2015-09-03,0,,,,0.0 ,,22.5,,,,23.5 ,28
2015-09-04,14.5,,,,,0.5,19.8,,,,23.6 ,28.5
2015-09-05,0,,,,0.3 ,3.6,18.1,,,,21.6 ,27.5
2015-09-06,0,,,,0.0 ,,17.7,,,,20.6 ,26
2015-09-07,0,,,,,1.5,19.4,,,,20.2 ,25
2015-09-08,0,,,,,0,19.7,,,,19.7 ,25
2015-09-09,1.5,,,,,,19,,,,19.6 ,24
2015-09-10,0,,,,,,20.6,,,,21.2 ,24
2015-09-11,0,,,,1.7 ,,21.9,,,,20.2 ,25.5
2015-09-12,1,,,,,,20.8,,,,18.6 ,22.5
2015-09-13,15,,,,,,15.9,,,,18.1 ,22
2015-09-14,6.5,,,,,34.3,15.7,,,,19.9 ,22.5
2015-09-15,0,,,,,6.6,16.9,,,,20.2 ,20
2015-09-16,0,,,,,2.3,18.4,,,,19.0 ,22
2015-09-17,0,,,,,0,18.8,,,,18.7 ,23
2015-09-18,6,,,,,,16.9,,,,19.3 ,23.5
2015-09-19,13,,,,,,16.5,,,,20.3 ,23
2015-09-20,0.5,,,,,0,18.4,,,,20.8 ,22.5
2015-09-21,0,,,,,,18.7,,,,20.4 ,23
2015-09-22,0,,,,,,19.3,,,,20.9 ,23
2015-09-23,0,,,,,10.7,19.3,,,,20.4 ,22.5
2015-09-24,0,,,,,1,19,,,,21.6 ,24
2015-09-25,0,,,,,9.4,18.8,,,,21.0 ,22
2015-09-26,1.5,,,,,1,18.1,,,,19.8 ,23
2015-09-27,8,,,,,0,17.8,,,,19.0 ,23
2015-09-28,3,,,,0.0 ,34.3,15.3,,,,18.0 ,22.5
2015-09-29,29.5,,,,,18.3,12.9,,,,19.2 ,24.5
2015-09-30,13,,,,,1.3,13.4,,,,19.2 ,25
2015-10-01,2,,,,29.9 ,3.8,14.7,,,,15.8 ,19
2015-10-02,10,,,,,1,15.4,,,,15.4 ,20.5
2015-10-03,2,,,,,0,14.2,,,,18.6 ,23.5
2015-10-04,0,,,,,2.8,11.8,,,,14.2 ,22.5
2015-10-05,0,,,,,5.6,11.5,,,,15.5 ,21
2015-10-06,0,,,,,2.8,12.3,,,,15.9 ,22
2015-10-07,0,,,,,8.4,13.8,,,,17.0 ,20.5
2015-10-08,13,,,,0.0 ,5.8,11.7,,,,17.9 ,19
2015-10-09,11.5,,,,2.1 ,5.6,12.4,,,,15.5 ,19.5
2015-10-10,0,,,,7.9 ,0,14.3,,,,11.3 ,18.5
2015-10-11,3,,,,1.5 ,,14.5,,,,9.4 ,16.5
2015-10-12,0,,,,,,12.1,,,,11.0 ,17
2015-10-13,10,,,,,,8.4,,,,11.9 ,17
2015-10-14,2,,,,,,8.5,,,,15.4 ,19.5
2015-10-15,0,,,,,,10.1,,,,15.0 ,19.5
2015-10-16,0,,,,,,11.2,,,,15.5 ,20
2015-10-17,0,,,,,,13.2,,,,15.7 ,20.5
2015-10-18,0.5,,,,,,14,,,,15.2 ,19
2015-10-19,0,,,,,,9.9,,,,16.1 ,20
2015-10-20,8,,,,,,9.1,,,,16.7 ,20.5
2015-10-21,0,,,,,,9.2,,,,16.3 ,21
2015-10-22,0,,,,,,8.3,,,,16.2 ,21
2015-10-23,0,,,,0.0 ,,10.8,,,,15.3 ,20.5
2015-10-24,3.5,,,,3.5 ,,10.6,,,,15.8 ,21
2015-10-25,26,,,,,,4.4,,,,13.1 ,22
2015-10-26,0.5,,,,0.4 ,2.3,6.5,,,,12.5 ,22
2015-10-27,0,,,,15.3 ,,9.3,,,,12.7 ,15.5
2015-10-28,5.5,,,,,,12,,,,8.8 ,18
2015-10-29,0,,,,0.4 ,15.7,7.5,,,,6.6 ,16
2015-10-30,0,,,,,,6.3,,,,4.3 ,14.5
2015-10-31,0.5,,,,,4.3,6.7,,,,3.7 ,14
2015-11-01,0,,,,,7.6,8.3,,,,4.8 ,11
2015-11-02,0,,,,,3.6,8.7,,,,8.3 ,13.5
2015-11-03,0,,,,,0,9.1,,,,7.6 ,16.5
2015-11-04,0,,,,,6.6,11.4,,,,7.7 ,17
2015-11-05,0,,,,,4.6,13,,,,10.2 ,20.5
2015-11-06,0,,,,4.3 ,0.5,8.6,,,,10.7 ,24.5
2015-11-07,0,,,,20.4 ,19.3,4,,,,10.3 ,22
2015-11-08,0,,,,17.1 ,9.9,4.3,,,,11.2 ,15.5
2015-11-09,6,,,,8.9 ,1.8,8.5,,,,11.4 ,13
2015-11-10,18.5,,,,0.1 ,0,4.9,,,,11.4 ,14
2015-11-11,4.5,,,,,1.3,5.3,,,,10.5 ,13.5
2015-11-12,2,,,,,25.7,5.3,,,,11.5 ,15
2015-11-13,0,,,,28.0 ,1.8,5.2,,,,10.7 ,15
2015-11-14,1,,,,13.7 ,2.8,9.4,,,,12.6 ,13.5
2015-11-15,11,,,,,9.9,11,,,,13.2 ,18.5
2015-11-16,0,,,,10.0 ,13.5,10,,,,10.7 ,19
2015-11-17,0.5,,,,,55.1,8.9,,,,13.6 ,16
2015-11-18,0,,,,4.4 ,4.8,4.8,,,,10.4 ,15.5
2015-11-19,0,,,,0.2 ,1.5,2.9,,,,8.2 ,15
2015-11-20,0,,,,,12.4,4.2,,,,9.7 ,14
2015-11-21,3,,,,,4.8,3.8,,,,7.9 ,15.5
2015-11-22,0,,,,4.5 ,0,1.6,,,,8.6 ,17.5
2015-11-23,0,,,,11.7 ,0,1.8,,,,7.9 ,15
2015-11-24,32.5,,,,0.4 ,15,-0.2,,,,6.1 ,10.5
2015-11-25,16.5,,,,12.7 ,14.7,-1.1,,,,3.1 ,3.5
2015-11-26,0,,,,0.0 ,0,-1.6,,,,-1.2 ,3
2015-11-27,17,,,,,0.3,2.8,,,,-2.5 ,6
2015-11-28,14.5,,,,0.0 ,6.9,2.2,,,,-0.6 ,10
2015-11-29,0,,,,5.5 ,1.5,2.3,,,,0.4 ,9
2015-11-30,10,,,,0.2 ,0.5,1.7,,,,3.2 ,12
2015-12-01,8.5,,,,,0,0.7,,,,1.1 ,14
2015-12-02,0,,,,13.3 ,10.2,2.1,,,,3.2 ,8.5
2015-12-03,6.5,,,,0.3 ,4.6,7,,,,0.5 ,8
2015-12-04,1.5,,,,,0.5,0.9,,,,0.4 ,8
2015-12-05,3,,,,,45,-0.5,,,,2.9 ,4.5
2015-12-06,0.5,,,,,43.4,-0.9,,,,-0.1 ,4.5
2015-12-07,10,,,,,0,1.3,,,,0.2 ,8
2015-12-08,0,,,,,,1.3,,,,1.4 ,10
2015-12-09,0,,,,,15.7,2.8,,,,0.5 ,11
2015-12-10,0,,,,0.2 ,4.3,6.3,,,,3.8 ,10
2015-12-11,4.5,,,,,1.3,5,,,,5.9 ,9
2015-12-12,0,,,,,0.5,2.5,,,,0.9 ,9
2015-12-13,0,,,,,6.1,2.5,,,,1.6 ,9
2015-12-14,0,,,,3.1 ,4.8,2.1,,,,2.5 ,8
2015-12-15,1,,,,0.0 ,0,5.4,,,,5.2 ,6.5
2015-12-16,3,,,,,,6,,,,0.3 ,3
2015-12-17,32.5,,,,,,1,,,,-4.9 ,2
2015-12-18,14.5,,,,,,-0.2,,,,-6.0 ,3.5
2015-12-19,3,,,,,4.6,-1.2,,,,-2.2 ,8
2015-12-20,0,,,,,1.8,1.7,,,,-2.9 ,10
2015-12-21,5,,,,1.3 ,1.5,2.8,,,,-0.2 ,10
2015-12-22,2.5,,,,,5.1,0.5,,,,1.9 ,11
2015-12-23,0,,,,1.8 ,1.8,0,,,,2.7 ,10.5
2015-12-24,0,,,,,13.2,4.2,,,,1.8 ,9.5
2015-12-25,21.5,,,,0.0 ,0.3,-1,,,,-1.3 ,7
2015-12-26,0,,,,0.8 ,,-4.7,,,,1.0 ,10.5
2015-12-27,1,,,,,,-6.2,,,,-4.1 ,9
2015-12-28,3.5,,,,,,-5.4,,,,-7.4 ,6
2015-12-29,1,,,,,,-4.6,,,,-6.9 ,6.5
2015-12-30,1,,,,1.5 ,,-3.6,,,,-2.6 ,8
2015-12-31,0,,,,,,-1.6,,,,0.3 ,5.5
